"","Passenger.Name","Passenger.Sex","Passsenger.Age","Passenger.Survived","Passenger.Class"
"1","Allen, Miss. Elisabeth Walton","Female",29,"YES","1st Class"
"2","Allison, Master. Hudson Trevor","Male",0,"YES","1st Class"
"3","Allison, Miss. Helen Loraine","Female",2,"NO","1st Class"
"4","Allison, Mr. Hudson Joshua Creighton","Male",30,"NO","1st Class"
"5","Allison, Mrs. Hudson J C (Bessie Waldo Daniels)","Female",25,"NO","1st Class"
"6","Anderson, Mr. Harry","Male",48,"YES","1st Class"
"7","Andrews, Miss. Kornelia Theodosia","Female",63,"YES","1st Class"
"8","Andrews, Mr. Thomas Jr","Male",39,"NO","1st Class"
"9","Appleton, Mrs. Edward Dale (Charlotte Lamson)","Female",53,"YES","1st Class"
"10","Artagaveytia, Mr. Ramon","Male",71,"NO","1st Class"
"11","Astor, Col. John Jacob","Male",47,"NO","1st Class"
"12","Astor, Mrs. John Jacob (Madeleine Talmadge Force)","Female",18,"YES","1st Class"
"13","Aubart, Mme. Leontine Pauline","Female",24,"YES","1st Class"
"14","Barber, Miss. Ellen ""Nellie""","Female",26,"YES","1st Class"
"15","Barkworth, Mr. Algernon Henry Wilson","Male",80,"YES","1st Class"
"16","Baumann, Mr. John D","Male",NA,"NO","1st Class"
"17","Baxter, Mr. Quigg Edmond","Male",24,"NO","1st Class"
"18","Baxter, Mrs. James (Helene DeLaudeniere Chaput)","Female",50,"YES","1st Class"
"19","Bazzani, Miss. Albina","Female",32,"YES","1st Class"
"20","Beattie, Mr. Thomson","Male",36,"NO","1st Class"
"21","Beckwith, Mr. Richard Leonard","Male",37,"YES","1st Class"
"22","Beckwith, Mrs. Richard Leonard (Sallie Monypeny)","Female",47,"YES","1st Class"
"23","Behr, Mr. Karl Howell","Male",26,"YES","1st Class"
"24","Bidois, Miss. Rosalie","Female",42,"YES","1st Class"
"25","Bird, Miss. Ellen","Female",29,"YES","1st Class"
"26","Birnbaum, Mr. Jakob","Male",25,"NO","1st Class"
"27","Bishop, Mr. Dickinson H","Male",25,"YES","1st Class"
"28","Bishop, Mrs. Dickinson H (Helen Walton)","Female",19,"YES","1st Class"
"29","Bissette, Miss. Amelia","Female",35,"YES","1st Class"
"30","Bjornstrom-Steffansson, Mr. Mauritz Hakan","Male",28,"YES","1st Class"
"31","Blackwell, Mr. Stephen Weart","Male",45,"NO","1st Class"
"32","Blank, Mr. Henry","Male",40,"YES","1st Class"
"33","Bonnell, Miss. Caroline","Female",30,"YES","1st Class"
"34","Bonnell, Miss. Elizabeth","Female",58,"YES","1st Class"
"35","Borebank, Mr. John James","Male",42,"NO","1st Class"
"36","Bowen, Miss. Grace Scott","Female",45,"YES","1st Class"
"37","Bowerman, Miss. Elsie Edith","Female",22,"YES","1st Class"
"38","Bradley, Mr. George (""George Arthur Brayton"")","Male",NA,"YES","1st Class"
"39","Brady, Mr. John Bertram","Male",41,"NO","1st Class"
"40","Brandeis, Mr. Emil","Male",48,"NO","1st Class"
"41","Brewe, Dr. Arthur Jackson","Male",NA,"NO","1st Class"
"42","Brown, Mrs. James Joseph (Margaret Tobin)","Female",44,"YES","1st Class"
"43","Brown, Mrs. John Murray (Caroline Lane Lamson)","Female",59,"YES","1st Class"
"44","Bucknell, Mrs. William Robert (Emma Eliza Ward)","Female",60,"YES","1st Class"
"45","Burns, Miss. Elizabeth Margaret","Female",41,"YES","1st Class"
"46","Butt, Major. Archibald Willingham","Male",45,"NO","1st Class"
"47","Cairns, Mr. Alexander","Male",NA,"NO","1st Class"
"48","Calderhead, Mr. Edward Pennington","Male",42,"YES","1st Class"
"49","Candee, Mrs. Edward (Helen Churchill Hungerford)","Female",53,"YES","1st Class"
"50","Cardeza, Mr. Thomas Drake Martinez","Male",36,"YES","1st Class"
"51","Cardeza, Mrs. James Warburton Martinez (Charlotte Wardle Drake)","Female",58,"YES","1st Class"
"52","Carlsson, Mr. Frans Olof","Male",33,"NO","1st Class"
"53","Carrau, Mr. Francisco M","Male",28,"NO","1st Class"
"54","Carrau, Mr. Jose Pedro","Male",17,"NO","1st Class"
"55","Carter, Master. William Thornton II","Male",11,"YES","1st Class"
"56","Carter, Miss. Lucile Polk","Female",14,"YES","1st Class"
"57","Carter, Mr. William Ernest","Male",36,"YES","1st Class"
"58","Carter, Mrs. William Ernest (Lucile Polk)","Female",36,"YES","1st Class"
"59","Case, Mr. Howard Brown","Male",49,"NO","1st Class"
"60","Cassebeer, Mrs. Henry Arthur Jr (Eleanor Genevieve Fosdick)","Female",NA,"YES","1st Class"
"61","Cavendish, Mr. Tyrell William","Male",36,"NO","1st Class"
"62","Cavendish, Mrs. Tyrell William (Julia Florence Siegel)","Female",76,"YES","1st Class"
"63","Chaffee, Mr. Herbert Fuller","Male",46,"NO","1st Class"
"64","Chaffee, Mrs. Herbert Fuller (Carrie Constance Toogood)","Female",47,"YES","1st Class"
"65","Chambers, Mr. Norman Campbell","Male",27,"YES","1st Class"
"66","Chambers, Mrs. Norman Campbell (Bertha Griggs)","Female",33,"YES","1st Class"
"67","Chaudanson, Miss. Victorine","Female",36,"YES","1st Class"
"68","Cherry, Miss. Gladys","Female",30,"YES","1st Class"
"69","Chevre, Mr. Paul Romaine","Male",45,"YES","1st Class"
"70","Chibnall, Mrs. (Edith Martha Bowerman)","Female",NA,"YES","1st Class"
"71","Chisholm, Mr. Roderick Robert Crispin","Male",NA,"NO","1st Class"
"72","Clark, Mr. Walter Miller","Male",27,"NO","1st Class"
"73","Clark, Mrs. Walter Miller (Virginia McDowell)","Female",26,"YES","1st Class"
"74","Cleaver, Miss. Alice","Female",22,"YES","1st Class"
"75","Clifford, Mr. George Quincy","Male",NA,"NO","1st Class"
"76","Colley, Mr. Edward Pomeroy","Male",47,"NO","1st Class"
"77","Compton, Miss. Sara Rebecca","Female",39,"YES","1st Class"
"78","Compton, Mr. Alexander Taylor Jr","Male",37,"NO","1st Class"
"79","Compton, Mrs. Alexander Taylor (Mary Eliza Ingersoll)","Female",64,"YES","1st Class"
"80","Cornell, Mrs. Robert Clifford (Malvina Helen Lamson)","Female",55,"YES","1st Class"
"81","Crafton, Mr. John Bertram","Male",NA,"NO","1st Class"
"82","Crosby, Capt. Edward Gifford","Male",70,"NO","1st Class"
"83","Crosby, Miss. Harriet R","Female",36,"YES","1st Class"
"84","Crosby, Mrs. Edward Gifford (Catherine Elizabeth Halstead)","Female",64,"YES","1st Class"
"85","Cumings, Mr. John Bradley","Male",39,"NO","1st Class"
"86","Cumings, Mrs. John Bradley (Florence Briggs Thayer)","Female",38,"YES","1st Class"
"87","Daly, Mr. Peter Denis ","Male",51,"YES","1st Class"
"88","Daniel, Mr. Robert Williams","Male",27,"YES","1st Class"
"89","Daniels, Miss. Sarah","Female",33,"YES","1st Class"
"90","Davidson, Mr. Thornton","Male",31,"NO","1st Class"
"91","Davidson, Mrs. Thornton (Orian Hays)","Female",27,"YES","1st Class"
"92","Dick, Mr. Albert Adrian","Male",31,"YES","1st Class"
"93","Dick, Mrs. Albert Adrian (Vera Gillespie)","Female",17,"YES","1st Class"
"94","Dodge, Dr. Washington","Male",53,"YES","1st Class"
"95","Dodge, Master. Washington","Male",4,"YES","1st Class"
"96","Dodge, Mrs. Washington (Ruth Vidaver)","Female",54,"YES","1st Class"
"97","Douglas, Mr. Walter Donald","Male",50,"NO","1st Class"
"98","Douglas, Mrs. Frederick Charles (Mary Helene Baxter)","Female",27,"YES","1st Class"
"99","Douglas, Mrs. Walter Donald (Mahala Dutton)","Female",48,"YES","1st Class"
"100","Duff Gordon, Lady. (Lucille Christiana Sutherland) (""Mrs Morgan"")","Female",48,"YES","1st Class"
"101","Duff Gordon, Sir. Cosmo Edmund (""Mr Morgan"")","Male",49,"YES","1st Class"
"102","Dulles, Mr. William Crothers","Male",39,"NO","1st Class"
"103","Earnshaw, Mrs. Boulton (Olive Potter)","Female",23,"YES","1st Class"
"104","Endres, Miss. Caroline Louise","Female",38,"YES","1st Class"
"105","Eustis, Miss. Elizabeth Mussey","Female",54,"YES","1st Class"
"106","Evans, Miss. Edith Corse","Female",36,"NO","1st Class"
"107","Farthing, Mr. John","Male",NA,"NO","1st Class"
"108","Flegenheim, Mrs. Alfred (Antoinette)","Female",NA,"YES","1st Class"
"109","Fleming, Miss. Margaret","Female",NA,"YES","1st Class"
"110","Flynn, Mr. John Irwin (""Irving"")","Male",36,"YES","1st Class"
"111","Foreman, Mr. Benjamin Laventall","Male",30,"NO","1st Class"
"112","Fortune, Miss. Alice Elizabeth","Female",24,"YES","1st Class"
"113","Fortune, Miss. Ethel Flora","Female",28,"YES","1st Class"
"114","Fortune, Miss. Mabel Helen","Female",23,"YES","1st Class"
"115","Fortune, Mr. Charles Alexander","Male",19,"NO","1st Class"
"116","Fortune, Mr. Mark","Male",64,"NO","1st Class"
"117","Fortune, Mrs. Mark (Mary McDougald)","Female",60,"YES","1st Class"
"118","Francatelli, Miss. Laura Mabel","Female",30,"YES","1st Class"
"119","Franklin, Mr. Thomas Parham","Male",NA,"NO","1st Class"
"120","Frauenthal, Dr. Henry William","Male",50,"YES","1st Class"
"121","Frauenthal, Mr. Isaac Gerald","Male",43,"YES","1st Class"
"122","Frauenthal, Mrs. Henry William (Clara Heinsheimer)","Female",NA,"YES","1st Class"
"123","Frolicher, Miss. Hedwig Margaritha","Female",22,"YES","1st Class"
"124","Frolicher-Stehli, Mr. Maxmillian","Male",60,"YES","1st Class"
"125","Frolicher-Stehli, Mrs. Maxmillian (Margaretha Emerentia Stehli)","Female",48,"YES","1st Class"
"126","Fry, Mr. Richard","Male",NA,"NO","1st Class"
"127","Futrelle, Mr. Jacques Heath","Male",37,"NO","1st Class"
"128","Futrelle, Mrs. Jacques Heath (Lily May Peel)","Female",35,"YES","1st Class"
"129","Gee, Mr. Arthur H","Male",47,"NO","1st Class"
"130","Geiger, Miss. Amalie","Female",35,"YES","1st Class"
"131","Gibson, Miss. Dorothy Winifred","Female",22,"YES","1st Class"
"132","Gibson, Mrs. Leonard (Pauline C Boeson)","Female",45,"YES","1st Class"
"133","Giglio, Mr. Victor","Male",24,"NO","1st Class"
"134","Goldenberg, Mr. Samuel L","Male",49,"YES","1st Class"
"135","Goldenberg, Mrs. Samuel L (Edwiga Grabowska)","Female",NA,"YES","1st Class"
"136","Goldschmidt, Mr. George B","Male",71,"NO","1st Class"
"137","Gracie, Col. Archibald IV","Male",53,"YES","1st Class"
"138","Graham, Miss. Margaret Edith","Female",19,"YES","1st Class"
"139","Graham, Mr. George Edward","Male",38,"NO","1st Class"
"140","Graham, Mrs. William Thompson (Edith Junkins)","Female",58,"YES","1st Class"
"141","Greenfield, Mr. William Bertram","Male",23,"YES","1st Class"
"142","Greenfield, Mrs. Leo David (Blanche Strouse)","Female",45,"YES","1st Class"
"143","Guggenheim, Mr. Benjamin","Male",46,"NO","1st Class"
"144","Harder, Mr. George Achilles","Male",25,"YES","1st Class"
"145","Harder, Mrs. George Achilles (Dorothy Annan)","Female",25,"YES","1st Class"
"146","Harper, Mr. Henry Sleeper","Male",48,"YES","1st Class"
"147","Harper, Mrs. Henry Sleeper (Myna Haxtun)","Female",49,"YES","1st Class"
"148","Harrington, Mr. Charles H","Male",NA,"NO","1st Class"
"149","Harris, Mr. Henry Birkhardt","Male",45,"NO","1st Class"
"150","Harris, Mrs. Henry Birkhardt (Irene Wallach)","Female",35,"YES","1st Class"
"151","Harrison, Mr. William","Male",40,"NO","1st Class"
"152","Hassab, Mr. Hammad","Male",27,"YES","1st Class"
"153","Hawksford, Mr. Walter James","Male",NA,"YES","1st Class"
"154","Hays, Miss. Margaret Bechstein","Female",24,"YES","1st Class"
"155","Hays, Mr. Charles Melville","Male",55,"NO","1st Class"
"156","Hays, Mrs. Charles Melville (Clara Jennings Gregg)","Female",52,"YES","1st Class"
"157","Head, Mr. Christopher","Male",42,"NO","1st Class"
"158","Hilliard, Mr. Herbert Henry","Male",NA,"NO","1st Class"
"159","Hipkins, Mr. William Edward","Male",55,"NO","1st Class"
"160","Hippach, Miss. Jean Gertrude","Female",16,"YES","1st Class"
"161","Hippach, Mrs. Louis Albert (Ida Sophia Fischer)","Female",44,"YES","1st Class"
"162","Hogeboom, Mrs. John C (Anna Andrews)","Female",51,"YES","1st Class"
"163","Holverson, Mr. Alexander Oskar","Male",42,"NO","1st Class"
"164","Holverson, Mrs. Alexander Oskar (Mary Aline Towner)","Female",35,"YES","1st Class"
"165","Homer, Mr. Harry (""Mr E Haven"")","Male",35,"YES","1st Class"
"166","Hoyt, Mr. Frederick Maxfield","Male",38,"YES","1st Class"
"167","Hoyt, Mr. William Fisher","Male",NA,"NO","1st Class"
"168","Hoyt, Mrs. Frederick Maxfield (Jane Anne Forby)","Female",35,"YES","1st Class"
"169","Icard, Miss. Amelie","Female",38,"YES","1st Class"
"170","Isham, Miss. Ann Elizabeth","Female",50,"NO","1st Class"
"171","Ismay, Mr. Joseph Bruce","Male",49,"YES","1st Class"
"172","Jones, Mr. Charles Cresson","Male",46,"NO","1st Class"
"173","Julian, Mr. Henry Forbes","Male",50,"NO","1st Class"
"174","Keeping, Mr. Edwin","Male",32,"NO","1st Class"
"175","Kent, Mr. Edward Austin","Male",58,"NO","1st Class"
"176","Kenyon, Mr. Frederick R","Male",41,"NO","1st Class"
"177","Kenyon, Mrs. Frederick R (Marion)","Female",NA,"YES","1st Class"
"178","Kimball, Mr. Edwin Nelson Jr","Male",42,"YES","1st Class"
"179","Kimball, Mrs. Edwin Nelson Jr (Gertrude Parsons)","Female",45,"YES","1st Class"
"180","Klaber, Mr. Herman","Male",NA,"NO","1st Class"
"181","Kreuchen, Miss. Emilie","Female",39,"YES","1st Class"
"182","Leader, Dr. Alice (Farnham)","Female",49,"YES","1st Class"
"183","LeRoy, Miss. Bertha","Female",30,"YES","1st Class"
"184","Lesurer, Mr. Gustave J","Male",35,"YES","1st Class"
"185","Lewy, Mr. Ervin G","Male",NA,"NO","1st Class"
"186","Lindeberg-Lind, Mr. Erik Gustaf (""Mr Edward Lingrey"")","Male",42,"NO","1st Class"
"187","Lindstrom, Mrs. Carl Johan (Sigrid Posse)","Female",55,"YES","1st Class"
"188","Lines, Miss. Mary Conover","Female",16,"YES","1st Class"
"189","Lines, Mrs. Ernest H (Elizabeth Lindsey James)","Female",51,"YES","1st Class"
"190","Long, Mr. Milton Clyde","Male",29,"NO","1st Class"
"191","Longley, Miss. Gretchen Fiske","Female",21,"YES","1st Class"
"192","Loring, Mr. Joseph Holland","Male",30,"NO","1st Class"
"193","Lurette, Miss. Elise","Female",58,"YES","1st Class"
"194","Madill, Miss. Georgette Alexandra","Female",15,"YES","1st Class"
"195","Maguire, Mr. John Edward","Male",30,"NO","1st Class"
"196","Maioni, Miss. Roberta","Female",16,"YES","1st Class"
"197","Marechal, Mr. Pierre","Male",NA,"YES","1st Class"
"198","Marvin, Mr. Daniel Warner","Male",19,"NO","1st Class"
"199","Marvin, Mrs. Daniel Warner (Mary Graham Carmichael Farquarson)","Female",18,"YES","1st Class"
"200","Mayne, Mlle. Berthe Antonine (""Mrs de Villiers"")","Female",24,"YES","1st Class"
"201","McCaffry, Mr. Thomas Francis","Male",46,"NO","1st Class"
"202","McCarthy, Mr. Timothy J","Male",54,"NO","1st Class"
"203","McGough, Mr. James Robert","Male",36,"YES","1st Class"
"204","Meyer, Mr. Edgar Joseph","Male",28,"NO","1st Class"
"205","Meyer, Mrs. Edgar Joseph (Leila Saks)","Female",NA,"YES","1st Class"
"206","Millet, Mr. Francis Davis","Male",65,"NO","1st Class"
"207","Minahan, Dr. William Edward","Male",44,"NO","1st Class"
"208","Minahan, Miss. Daisy E","Female",33,"YES","1st Class"
"209","Minahan, Mrs. William Edward (Lillian E Thorpe)","Female",37,"YES","1st Class"
"210","Mock, Mr. Philipp Edmund","Male",30,"YES","1st Class"
"211","Molson, Mr. Harry Markland","Male",55,"NO","1st Class"
"212","Moore, Mr. Clarence Bloomfield","Male",47,"NO","1st Class"
"213","Natsch, Mr. Charles H","Male",37,"NO","1st Class"
"214","Newell, Miss. Madeleine","Female",31,"YES","1st Class"
"215","Newell, Miss. Marjorie","Female",23,"YES","1st Class"
"216","Newell, Mr. Arthur Webster","Male",58,"NO","1st Class"
"217","Newsom, Miss. Helen Monypeny","Female",19,"YES","1st Class"
"218","Nicholson, Mr. Arthur Ernest","Male",64,"NO","1st Class"
"219","Oliva y Ocana, Dona. Fermina","Female",39,"YES","1st Class"
"220","Omont, Mr. Alfred Fernand","Male",NA,"YES","1st Class"
"221","Ostby, Miss. Helene Ragnhild","Female",22,"YES","1st Class"
"222","Ostby, Mr. Engelhart Cornelius","Male",65,"NO","1st Class"
"223","Ovies y Rodriguez, Mr. Servando","Male",28,"NO","1st Class"
"224","Parr, Mr. William Henry Marsh","Male",NA,"NO","1st Class"
"225","Partner, Mr. Austen","Male",45,"NO","1st Class"
"226","Payne, Mr. Vivian Ponsonby","Male",23,"NO","1st Class"
"227","Pears, Mr. Thomas Clinton","Male",29,"NO","1st Class"
"228","Pears, Mrs. Thomas (Edith Wearne)","Female",22,"YES","1st Class"
"229","Penasco y Castellana, Mr. Victor de Satode","Male",18,"NO","1st Class"
"230","Penasco y Castellana, Mrs. Victor de Satode (Maria Josefa Perez de Soto y Vallejo)","Female",17,"YES","1st Class"
"231","Perreault, Miss. Anne","Female",30,"YES","1st Class"
"232","Peuchen, Major. Arthur Godfrey","Male",52,"YES","1st Class"
"233","Porter, Mr. Walter Chamberlain","Male",47,"NO","1st Class"
"234","Potter, Mrs. Thomas Jr (Lily Alexenia Wilson)","Female",56,"YES","1st Class"
"235","Reuchlin, Jonkheer. John George","Male",38,"NO","1st Class"
"236","Rheims, Mr. George Alexander Lucien","Male",NA,"YES","1st Class"
"237","Ringhini, Mr. Sante","Male",22,"NO","1st Class"
"238","Robbins, Mr. Victor","Male",NA,"NO","1st Class"
"239","Robert, Mrs. Edward Scott (Elisabeth Walton McMillan)","Female",43,"YES","1st Class"
"240","Roebling, Mr. Washington Augustus II","Male",31,"NO","1st Class"
"241","Romaine, Mr. Charles Hallace (""Mr C Rolmane"")","Male",45,"YES","1st Class"
"242","Rood, Mr. Hugh Roscoe","Male",NA,"NO","1st Class"
"243","Rosenbaum, Miss. Edith Louise","Female",33,"YES","1st Class"
"244","Rosenshine, Mr. George (""Mr George Thorne"")","Male",46,"NO","1st Class"
"245","Ross, Mr. John Hugo","Male",36,"NO","1st Class"
"246","Rothes, the Countess. of (Lucy Noel Martha Dyer-Edwards)","Female",33,"YES","1st Class"
"247","Rothschild, Mr. Martin","Male",55,"NO","1st Class"
"248","Rothschild, Mrs. Martin (Elizabeth L. Barrett)","Female",54,"YES","1st Class"
"249","Rowe, Mr. Alfred G","Male",33,"NO","1st Class"
"250","Ryerson, Master. John Borie","Male",13,"YES","1st Class"
"251","Ryerson, Miss. Emily Borie","Female",18,"YES","1st Class"
"252","Ryerson, Miss. Susan Parker ""Suzette""","Female",21,"YES","1st Class"
"253","Ryerson, Mr. Arthur Larned","Male",61,"NO","1st Class"
"254","Ryerson, Mrs. Arthur Larned (Emily Maria Borie)","Female",48,"YES","1st Class"
"255","Saalfeld, Mr. Adolphe","Male",NA,"YES","1st Class"
"256","Sagesser, Mlle. Emma","Female",24,"YES","1st Class"
"257","Salomon, Mr. Abraham L","Male",NA,"YES","1st Class"
"258","Schabert, Mrs. Paul (Emma Mock)","Female",35,"YES","1st Class"
"259","Serepeca, Miss. Augusta","Female",30,"YES","1st Class"
"260","Seward, Mr. Frederic Kimber","Male",34,"YES","1st Class"
"261","Shutes, Miss. Elizabeth W","Female",40,"YES","1st Class"
"262","Silverthorne, Mr. Spencer Victor","Male",35,"YES","1st Class"
"263","Silvey, Mr. William Baird","Male",50,"NO","1st Class"
"264","Silvey, Mrs. William Baird (Alice Munger)","Female",39,"YES","1st Class"
"265","Simonius-Blumer, Col. Oberst Alfons","Male",56,"YES","1st Class"
"266","Sloper, Mr. William Thompson","Male",28,"YES","1st Class"
"267","Smart, Mr. John Montgomery","Male",56,"NO","1st Class"
"268","Smith, Mr. James Clinch","Male",56,"NO","1st Class"
"269","Smith, Mr. Lucien Philip","Male",24,"NO","1st Class"
"270","Smith, Mr. Richard William","Male",NA,"NO","1st Class"
"271","Smith, Mrs. Lucien Philip (Mary Eloise Hughes)","Female",18,"YES","1st Class"
"272","Snyder, Mr. John Pillsbury","Male",24,"YES","1st Class"
"273","Snyder, Mrs. John Pillsbury (Nelle Stevenson)","Female",23,"YES","1st Class"
"274","Spedden, Master. Robert Douglas","Male",6,"YES","1st Class"
"275","Spedden, Mr. Frederic Oakley","Male",45,"YES","1st Class"
"276","Spedden, Mrs. Frederic Oakley (Margaretta Corning Stone)","Female",40,"YES","1st Class"
"277","Spencer, Mr. William Augustus","Male",57,"NO","1st Class"
"278","Spencer, Mrs. William Augustus (Marie Eugenie)","Female",NA,"YES","1st Class"
"279","Stahelin-Maeglin, Dr. Max","Male",32,"YES","1st Class"
"280","Stead, Mr. William Thomas","Male",62,"NO","1st Class"
"281","Stengel, Mr. Charles Emil Henry","Male",54,"YES","1st Class"
"282","Stengel, Mrs. Charles Emil Henry (Annie May Morris)","Female",43,"YES","1st Class"
"283","Stephenson, Mrs. Walter Bertram (Martha Eustis)","Female",52,"YES","1st Class"
"284","Stewart, Mr. Albert A","Male",NA,"NO","1st Class"
"285","Stone, Mrs. George Nelson (Martha Evelyn)","Female",62,"YES","1st Class"
"286","Straus, Mr. Isidor","Male",67,"NO","1st Class"
"287","Straus, Mrs. Isidor (Rosalie Ida Blun)","Female",63,"NO","1st Class"
"288","Sutton, Mr. Frederick","Male",61,"NO","1st Class"
"289","Swift, Mrs. Frederick Joel (Margaret Welles Barron)","Female",48,"YES","1st Class"
"290","Taussig, Miss. Ruth","Female",18,"YES","1st Class"
"291","Taussig, Mr. Emil","Male",52,"NO","1st Class"
"292","Taussig, Mrs. Emil (Tillie Mandelbaum)","Female",39,"YES","1st Class"
"293","Taylor, Mr. Elmer Zebley","Male",48,"YES","1st Class"
"294","Taylor, Mrs. Elmer Zebley (Juliet Cummins Wright)","Female",NA,"YES","1st Class"
"295","Thayer, Mr. John Borland","Male",49,"NO","1st Class"
"296","Thayer, Mr. John Borland Jr","Male",17,"YES","1st Class"
"297","Thayer, Mrs. John Borland (Marian Longstreth Morris)","Female",39,"YES","1st Class"
"298","Thorne, Mrs. Gertrude Maybelle","Female",NA,"YES","1st Class"
"299","Tucker, Mr. Gilbert Milligan Jr","Male",31,"YES","1st Class"
"300","Uruchurtu, Don. Manuel E","Male",40,"NO","1st Class"
"301","Van der hoef, Mr. Wyckoff","Male",61,"NO","1st Class"
"302","Walker, Mr. William Anderson","Male",47,"NO","1st Class"
"303","Ward, Miss. Anna","Female",35,"YES","1st Class"
"304","Warren, Mr. Frank Manley","Male",64,"NO","1st Class"
"305","Warren, Mrs. Frank Manley (Anna Sophia Atkinson)","Female",60,"YES","1st Class"
"306","Weir, Col. John","Male",60,"NO","1st Class"
"307","White, Mr. Percival Wayland","Male",54,"NO","1st Class"
"308","White, Mr. Richard Frasar","Male",21,"NO","1st Class"
"309","White, Mrs. John Stuart (Ella Holmes)","Female",55,"YES","1st Class"
"310","Wick, Miss. Mary Natalie","Female",31,"YES","1st Class"
"311","Wick, Mr. George Dennick","Male",57,"NO","1st Class"
"312","Wick, Mrs. George Dennick (Mary Hitchcock)","Female",45,"YES","1st Class"
"313","Widener, Mr. George Dunton","Male",50,"NO","1st Class"
"314","Widener, Mr. Harry Elkins","Male",27,"NO","1st Class"
"315","Widener, Mrs. George Dunton (Eleanor Elkins)","Female",50,"YES","1st Class"
"316","Willard, Miss. Constance","Female",21,"YES","1st Class"
"317","Williams, Mr. Charles Duane","Male",51,"NO","1st Class"
"318","Williams, Mr. Richard Norris II","Male",21,"YES","1st Class"
"319","Williams-Lambert, Mr. Fletcher Fellows","Male",NA,"NO","1st Class"
"320","Wilson, Miss. Helen Alice","Female",31,"YES","1st Class"
"321","Woolner, Mr. Hugh","Male",NA,"YES","1st Class"
"322","Wright, Mr. George","Male",62,"NO","1st Class"
"323","Young, Miss. Marie Grice","Female",36,"YES","1st Class"
"324","Abelson, Mr. Samuel","Male",30,"NO","2nd Class"
"325","Abelson, Mrs. Samuel (Hannah Wizosky)","Female",28,"YES","2nd Class"
"326","Aldworth, Mr. Charles Augustus","Male",30,"NO","2nd Class"
"327","Andrew, Mr. Edgardo Samuel","Male",18,"NO","2nd Class"
"328","Andrew, Mr. Frank Thomas","Male",25,"NO","2nd Class"
"329","Angle, Mr. William A","Male",34,"NO","2nd Class"
"330","Angle, Mrs. William A (Florence ""Mary"" Agnes Hughes)","Female",36,"YES","2nd Class"
"331","Ashby, Mr. John","Male",57,"NO","2nd Class"
"332","Bailey, Mr. Percy Andrew","Male",18,"NO","2nd Class"
"333","Baimbrigge, Mr. Charles Robert","Male",23,"NO","2nd Class"
"334","Ball, Mrs. (Ada E Hall)","Female",36,"YES","2nd Class"
"335","Banfield, Mr. Frederick James","Male",28,"NO","2nd Class"
"336","Bateman, Rev. Robert James","Male",51,"NO","2nd Class"
"337","Beane, Mr. Edward","Male",32,"YES","2nd Class"
"338","Beane, Mrs. Edward (Ethel Clarke)","Female",19,"YES","2nd Class"
"339","Beauchamp, Mr. Henry James","Male",28,"NO","2nd Class"
"340","Becker, Master. Richard F","Male",1,"YES","2nd Class"
"341","Becker, Miss. Marion Louise","Female",4,"YES","2nd Class"
"342","Becker, Miss. Ruth Elizabeth","Female",12,"YES","2nd Class"
"343","Becker, Mrs. Allen Oliver (Nellie E Baumgardner)","Female",36,"YES","2nd Class"
"344","Beesley, Mr. Lawrence","Male",34,"YES","2nd Class"
"345","Bentham, Miss. Lilian W","Female",19,"YES","2nd Class"
"346","Berriman, Mr. William John","Male",23,"NO","2nd Class"
"347","Botsford, Mr. William Hull","Male",26,"NO","2nd Class"
"348","Bowenur, Mr. Solomon","Male",42,"NO","2nd Class"
"349","Bracken, Mr. James H","Male",27,"NO","2nd Class"
"350","Brown, Miss. Amelia ""Mildred""","Female",24,"YES","2nd Class"
"351","Brown, Miss. Edith Eileen","Female",15,"YES","2nd Class"
"352","Brown, Mr. Thomas William Solomon","Male",60,"NO","2nd Class"
"353","Brown, Mrs. Thomas William Solomon (Elizabeth Catherine Ford)","Female",40,"YES","2nd Class"
"354","Bryhl, Miss. Dagmar Jenny Ingeborg ","Female",20,"YES","2nd Class"
"355","Bryhl, Mr. Kurt Arnold Gottfrid","Male",25,"NO","2nd Class"
"356","Buss, Miss. Kate","Female",36,"YES","2nd Class"
"357","Butler, Mr. Reginald Fenton","Male",25,"NO","2nd Class"
"358","Byles, Rev. Thomas Roussel Davids","Male",42,"NO","2nd Class"
"359","Bystrom, Mrs. (Karolina)","Female",42,"YES","2nd Class"
"360","Caldwell, Master. Alden Gates","Male",0,"YES","2nd Class"
"361","Caldwell, Mr. Albert Francis","Male",26,"YES","2nd Class"
"362","Caldwell, Mrs. Albert Francis (Sylvia Mae Harbaugh)","Female",22,"YES","2nd Class"
"363","Cameron, Miss. Clear Annie","Female",35,"YES","2nd Class"
"364","Campbell, Mr. William","Male",NA,"NO","2nd Class"
"365","Carbines, Mr. William","Male",19,"NO","2nd Class"
"366","Carter, Mrs. Ernest Courtenay (Lilian Hughes)","Female",44,"NO","2nd Class"
"367","Carter, Rev. Ernest Courtenay","Male",54,"NO","2nd Class"
"368","Chapman, Mr. Charles Henry","Male",52,"NO","2nd Class"
"369","Chapman, Mr. John Henry","Male",37,"NO","2nd Class"
"370","Chapman, Mrs. John Henry (Sara Elizabeth Lawry)","Female",29,"NO","2nd Class"
"371","Christy, Miss. Julie Rachel","Female",25,"YES","2nd Class"
"372","Christy, Mrs. (Alice Frances)","Female",45,"YES","2nd Class"
"373","Clarke, Mr. Charles Valentine","Male",29,"NO","2nd Class"
"374","Clarke, Mrs. Charles V (Ada Maria Winfield)","Female",28,"YES","2nd Class"
"375","Coleridge, Mr. Reginald Charles","Male",29,"NO","2nd Class"
"376","Collander, Mr. Erik Gustaf","Male",28,"NO","2nd Class"
"377","Collett, Mr. Sidney C Stuart","Male",24,"YES","2nd Class"
"378","Collyer, Miss. Marjorie ""Lottie""","Female",8,"YES","2nd Class"
"379","Collyer, Mr. Harvey","Male",31,"NO","2nd Class"
"380","Collyer, Mrs. Harvey (Charlotte Annie Tate)","Female",31,"YES","2nd Class"
"381","Cook, Mrs. (Selena Rogers)","Female",22,"YES","2nd Class"
"382","Corbett, Mrs. Walter H (Irene Colvin)","Female",30,"NO","2nd Class"
"383","Corey, Mrs. Percy C (Mary Phyllis Elizabeth Miller)","Female",NA,"NO","2nd Class"
"384","Cotterill, Mr. Henry ""Harry""","Male",21,"NO","2nd Class"
"385","Cunningham, Mr. Alfred Fleming","Male",NA,"NO","2nd Class"
"386","Davies, Master. John Morgan Jr","Male",8,"YES","2nd Class"
"387","Davies, Mr. Charles Henry","Male",18,"NO","2nd Class"
"388","Davies, Mrs. John Morgan (Elizabeth Agnes Mary White) ","Female",48,"YES","2nd Class"
"389","Davis, Miss. Mary","Female",28,"YES","2nd Class"
"390","de Brito, Mr. Jose Joaquim","Male",32,"NO","2nd Class"
"391","Deacon, Mr. Percy William","Male",17,"NO","2nd Class"
"392","del Carlo, Mr. Sebastiano","Male",29,"NO","2nd Class"
"393","del Carlo, Mrs. Sebastiano (Argenia Genovesi)","Female",24,"YES","2nd Class"
"394","Denbury, Mr. Herbert","Male",25,"NO","2nd Class"
"395","Dibden, Mr. William","Male",18,"NO","2nd Class"
"396","Doling, Miss. Elsie","Female",18,"YES","2nd Class"
"397","Doling, Mrs. John T (Ada Julia Bone)","Female",34,"YES","2nd Class"
"398","Downton, Mr. William James","Male",54,"NO","2nd Class"
"399","Drew, Master. Marshall Brines","Male",8,"YES","2nd Class"
"400","Drew, Mr. James Vivian","Male",42,"NO","2nd Class"
"401","Drew, Mrs. James Vivian (Lulu Thorne Christian)","Female",34,"YES","2nd Class"
"402","Duran y More, Miss. Asuncion","Female",27,"YES","2nd Class"
"403","Duran y More, Miss. Florentina","Female",30,"YES","2nd Class"
"404","Eitemiller, Mr. George Floyd","Male",23,"NO","2nd Class"
"405","Enander, Mr. Ingvar","Male",21,"NO","2nd Class"
"406","Fahlstrom, Mr. Arne Jonas","Male",18,"NO","2nd Class"
"407","Faunthorpe, Mr. Harry","Male",40,"NO","2nd Class"
"408","Faunthorpe, Mrs. Lizzie (Elizabeth Anne Wilkinson)","Female",29,"YES","2nd Class"
"409","Fillbrook, Mr. Joseph Charles","Male",18,"NO","2nd Class"
"410","Fox, Mr. Stanley Hubert","Male",36,"NO","2nd Class"
"411","Frost, Mr. Anthony Wood ""Archie""","Male",NA,"NO","2nd Class"
"412","Funk, Miss. Annie Clemmer","Female",38,"NO","2nd Class"
"413","Fynney, Mr. Joseph J","Male",35,"NO","2nd Class"
"414","Gale, Mr. Harry","Male",38,"NO","2nd Class"
"415","Gale, Mr. Shadrach","Male",34,"NO","2nd Class"
"416","Garside, Miss. Ethel","Female",34,"YES","2nd Class"
"417","Gaskell, Mr. Alfred","Male",16,"NO","2nd Class"
"418","Gavey, Mr. Lawrence","Male",26,"NO","2nd Class"
"419","Gilbert, Mr. William","Male",47,"NO","2nd Class"
"420","Giles, Mr. Edgar","Male",21,"NO","2nd Class"
"421","Giles, Mr. Frederick Edward","Male",21,"NO","2nd Class"
"422","Giles, Mr. Ralph","Male",24,"NO","2nd Class"
"423","Gill, Mr. John William","Male",24,"NO","2nd Class"
"424","Gillespie, Mr. William Henry","Male",34,"NO","2nd Class"
"425","Givard, Mr. Hans Kristensen","Male",30,"NO","2nd Class"
"426","Greenberg, Mr. Samuel","Male",52,"NO","2nd Class"
"427","Hale, Mr. Reginald","Male",30,"NO","2nd Class"
"428","Hamalainen, Master. Viljo","Male",0,"YES","2nd Class"
"429","Hamalainen, Mrs. William (Anna)","Female",24,"YES","2nd Class"
"430","Harbeck, Mr. William H","Male",44,"NO","2nd Class"
"431","Harper, Miss. Annie Jessie ""Nina""","Female",6,"YES","2nd Class"
"432","Harper, Rev. John","Male",28,"NO","2nd Class"
"433","Harris, Mr. George","Male",62,"YES","2nd Class"
"434","Harris, Mr. Walter","Male",30,"NO","2nd Class"
"435","Hart, Miss. Eva Miriam","Female",7,"YES","2nd Class"
"436","Hart, Mr. Benjamin","Male",43,"NO","2nd Class"
"437","Hart, Mrs. Benjamin (Esther Ada Bloomfield)","Female",45,"YES","2nd Class"
"438","Herman, Miss. Alice","Female",24,"YES","2nd Class"
"439","Herman, Miss. Kate","Female",24,"YES","2nd Class"
"440","Herman, Mr. Samuel","Male",49,"NO","2nd Class"
"441","Herman, Mrs. Samuel (Jane Laver)","Female",48,"YES","2nd Class"
"442","Hewlett, Mrs. (Mary D Kingcome) ","Female",55,"YES","2nd Class"
"443","Hickman, Mr. Leonard Mark","Male",24,"NO","2nd Class"
"444","Hickman, Mr. Lewis","Male",32,"NO","2nd Class"
"445","Hickman, Mr. Stanley George","Male",21,"NO","2nd Class"
"446","Hiltunen, Miss. Marta","Female",18,"NO","2nd Class"
"447","Hocking, Miss. Ellen ""Nellie""","Female",20,"YES","2nd Class"
"448","Hocking, Mr. Richard George","Male",23,"NO","2nd Class"
"449","Hocking, Mr. Samuel James Metcalfe","Male",36,"NO","2nd Class"
"450","Hocking, Mrs. Elizabeth (Eliza Needs)","Female",54,"YES","2nd Class"
"451","Hodges, Mr. Henry Price","Male",50,"NO","2nd Class"
"452","Hold, Mr. Stephen","Male",44,"NO","2nd Class"
"453","Hold, Mrs. Stephen (Annie Margaret Hill)","Female",29,"YES","2nd Class"
"454","Hood, Mr. Ambrose Jr","Male",21,"NO","2nd Class"
"455","Hosono, Mr. Masabumi","Male",42,"YES","2nd Class"
"456","Howard, Mr. Benjamin","Male",63,"NO","2nd Class"
"457","Howard, Mrs. Benjamin (Ellen Truelove Arman)","Female",60,"NO","2nd Class"
"458","Hunt, Mr. George Henry","Male",33,"NO","2nd Class"
"459","Ilett, Miss. Bertha","Female",17,"YES","2nd Class"
"460","Jacobsohn, Mr. Sidney Samuel","Male",42,"NO","2nd Class"
"461","Jacobsohn, Mrs. Sidney Samuel (Amy Frances Christy)","Female",24,"YES","2nd Class"
"462","Jarvis, Mr. John Denzil","Male",47,"NO","2nd Class"
"463","Jefferys, Mr. Clifford Thomas","Male",24,"NO","2nd Class"
"464","Jefferys, Mr. Ernest Wilfred","Male",22,"NO","2nd Class"
"465","Jenkin, Mr. Stephen Curnow","Male",32,"NO","2nd Class"
"466","Jerwan, Mrs. Amin S (Marie Marthe Thuillard)","Female",23,"YES","2nd Class"
"467","Kantor, Mr. Sinai","Male",34,"NO","2nd Class"
"468","Kantor, Mrs. Sinai (Miriam Sternin)","Female",24,"YES","2nd Class"
"469","Karnes, Mrs. J Frank (Claire Bennett)","Female",22,"NO","2nd Class"
"470","Keane, Miss. Nora A","Female",NA,"YES","2nd Class"
"471","Keane, Mr. Daniel","Male",35,"NO","2nd Class"
"472","Kelly, Mrs. Florence ""Fannie""","Female",45,"YES","2nd Class"
"473","Kirkland, Rev. Charles Leonard","Male",57,"NO","2nd Class"
"474","Knight, Mr. Robert J","Male",NA,"NO","2nd Class"
"475","Kvillner, Mr. Johan Henrik Johannesson","Male",31,"NO","2nd Class"
"476","Lahtinen, Mrs. William (Anna Sylfven)","Female",26,"NO","2nd Class"
"477","Lahtinen, Rev. William","Male",30,"NO","2nd Class"
"478","Lamb, Mr. John Joseph","Male",NA,"NO","2nd Class"
"479","Laroche, Miss. Louise","Female",1,"YES","2nd Class"
"480","Laroche, Miss. Simonne Marie Anne Andree","Female",3,"YES","2nd Class"
"481","Laroche, Mr. Joseph Philippe Lemercier","Male",25,"NO","2nd Class"
"482","Laroche, Mrs. Joseph (Juliette Marie Louise Lafargue)","Female",22,"YES","2nd Class"
"483","Lehmann, Miss. Bertha","Female",17,"YES","2nd Class"
"484","Leitch, Miss. Jessie Wills","Female",NA,"YES","2nd Class"
"485","Lemore, Mrs. (Amelia Milley)","Female",34,"YES","2nd Class"
"486","Levy, Mr. Rene Jacques","Male",36,"NO","2nd Class"
"487","Leyson, Mr. Robert William Norman","Male",24,"NO","2nd Class"
"488","Lingane, Mr. John","Male",61,"NO","2nd Class"
"489","Louch, Mr. Charles Alexander","Male",50,"NO","2nd Class"
"490","Louch, Mrs. Charles Alexander (Alice Adelaide Slow)","Female",42,"YES","2nd Class"
"491","Mack, Mrs. (Mary)","Female",57,"NO","2nd Class"
"492","Malachard, Mr. Noel","Male",NA,"NO","2nd Class"
"493","Mallet, Master. Andre","Male",1,"YES","2nd Class"
"494","Mallet, Mr. Albert","Male",31,"NO","2nd Class"
"495","Mallet, Mrs. Albert (Antoinette Magnin)","Female",24,"YES","2nd Class"
"496","Mangiavacchi, Mr. Serafino Emilio","Male",NA,"NO","2nd Class"
"497","Matthews, Mr. William John","Male",30,"NO","2nd Class"
"498","Maybery, Mr. Frank Hubert","Male",40,"NO","2nd Class"
"499","McCrae, Mr. Arthur Gordon","Male",32,"NO","2nd Class"
"500","McCrie, Mr. James Matthew","Male",30,"NO","2nd Class"
"501","McKane, Mr. Peter David","Male",46,"NO","2nd Class"
"502","Mellinger, Miss. Madeleine Violet","Female",13,"YES","2nd Class"
"503","Mellinger, Mrs. (Elizabeth Anne Maidment)","Female",41,"YES","2nd Class"
"504","Mellors, Mr. William John","Male",19,"YES","2nd Class"
"505","Meyer, Mr. August","Male",39,"NO","2nd Class"
"506","Milling, Mr. Jacob Christian","Male",48,"NO","2nd Class"
"507","Mitchell, Mr. Henry Michael","Male",70,"NO","2nd Class"
"508","Montvila, Rev. Juozas","Male",27,"NO","2nd Class"
"509","Moraweck, Dr. Ernest","Male",54,"NO","2nd Class"
"510","Morley, Mr. Henry Samuel (""Mr Henry Marshall"")","Male",39,"NO","2nd Class"
"511","Mudd, Mr. Thomas Charles","Male",16,"NO","2nd Class"
"512","Myles, Mr. Thomas Francis","Male",62,"NO","2nd Class"
"513","Nasser, Mr. Nicholas","Male",32,"NO","2nd Class"
"514","Nasser, Mrs. Nicholas (Adele Achem)","Female",14,"YES","2nd Class"
"515","Navratil, Master. Edmond Roger","Male",2,"YES","2nd Class"
"516","Navratil, Master. Michel M","Male",3,"YES","2nd Class"
"517","Navratil, Mr. Michel (""Louis M Hoffman"")","Male",36,"NO","2nd Class"
"518","Nesson, Mr. Israel","Male",26,"NO","2nd Class"
"519","Nicholls, Mr. Joseph Charles","Male",19,"NO","2nd Class"
"520","Norman, Mr. Robert Douglas","Male",28,"NO","2nd Class"
"521","Nourney, Mr. Alfred (""Baron von Drachstedt"")","Male",20,"YES","2nd Class"
"522","Nye, Mrs. (Elizabeth Ramell)","Female",29,"YES","2nd Class"
"523","Otter, Mr. Richard","Male",39,"NO","2nd Class"
"524","Oxenham, Mr. Percy Thomas","Male",22,"YES","2nd Class"
"525","Padro y Manent, Mr. Julian","Male",NA,"YES","2nd Class"
"526","Pain, Dr. Alfred","Male",23,"NO","2nd Class"
"527","Pallas y Castello, Mr. Emilio","Male",29,"YES","2nd Class"
"528","Parker, Mr. Clifford Richard","Male",28,"NO","2nd Class"
"529","Parkes, Mr. Francis ""Frank""","Male",NA,"NO","2nd Class"
"530","Parrish, Mrs. (Lutie Davis)","Female",50,"YES","2nd Class"
"531","Pengelly, Mr. Frederick William","Male",19,"NO","2nd Class"
"532","Pernot, Mr. Rene","Male",NA,"NO","2nd Class"
"533","Peruschitz, Rev. Joseph Maria","Male",41,"NO","2nd Class"
"534","Phillips, Miss. Alice Frances Louisa","Female",21,"YES","2nd Class"
"535","Phillips, Miss. Kate Florence (""Mrs Kate Louise Phillips Marshall"")","Female",19,"YES","2nd Class"
"536","Phillips, Mr. Escott Robert","Male",43,"NO","2nd Class"
"537","Pinsky, Mrs. (Rosa)","Female",32,"YES","2nd Class"
"538","Ponesell, Mr. Martin","Male",34,"NO","2nd Class"
"539","Portaluppi, Mr. Emilio Ilario Giuseppe","Male",30,"YES","2nd Class"
"540","Pulbaum, Mr. Franz","Male",27,"NO","2nd Class"
"541","Quick, Miss. Phyllis May","Female",2,"YES","2nd Class"
"542","Quick, Miss. Winifred Vera","Female",8,"YES","2nd Class"
"543","Quick, Mrs. Frederick Charles (Jane Richards)","Female",33,"YES","2nd Class"
"544","Reeves, Mr. David","Male",36,"NO","2nd Class"
"545","Renouf, Mr. Peter Henry","Male",34,"NO","2nd Class"
"546","Renouf, Mrs. Peter Henry (Lillian Jefferys)","Female",30,"YES","2nd Class"
"547","Reynaldo, Ms. Encarnacion","Female",28,"YES","2nd Class"
"548","Richard, Mr. Emile","Male",23,"NO","2nd Class"
"549","Richards, Master. George Sibley","Male",0,"YES","2nd Class"
"550","Richards, Master. William Rowe","Male",3,"YES","2nd Class"
"551","Richards, Mrs. Sidney (Emily Hocking)","Female",24,"YES","2nd Class"
"552","Ridsdale, Miss. Lucy","Female",50,"YES","2nd Class"
"553","Rogers, Mr. Reginald Harry","Male",19,"NO","2nd Class"
"554","Rugg, Miss. Emily","Female",21,"YES","2nd Class"
"555","Schmidt, Mr. August","Male",26,"NO","2nd Class"
"556","Sedgwick, Mr. Charles Frederick Waddington","Male",25,"NO","2nd Class"
"557","Sharp, Mr. Percival James R","Male",27,"NO","2nd Class"
"558","Shelley, Mrs. William (Imanita Parrish Hall)","Female",25,"YES","2nd Class"
"559","Silven, Miss. Lyyli Karoliina","Female",18,"YES","2nd Class"
"560","Sincock, Miss. Maude","Female",20,"YES","2nd Class"
"561","Sinkkonen, Miss. Anna","Female",30,"YES","2nd Class"
"562","Sjostedt, Mr. Ernst Adolf","Male",59,"NO","2nd Class"
"563","Slayter, Miss. Hilda Mary","Female",30,"YES","2nd Class"
"564","Slemen, Mr. Richard James","Male",35,"NO","2nd Class"
"565","Smith, Miss. Marion Elsie","Female",40,"YES","2nd Class"
"566","Sobey, Mr. Samuel James Hayden","Male",25,"NO","2nd Class"
"567","Stanton, Mr. Samuel Ward","Male",41,"NO","2nd Class"
"568","Stokes, Mr. Philip Joseph","Male",25,"NO","2nd Class"
"569","Swane, Mr. George","Male",18,"NO","2nd Class"
"570","Sweet, Mr. George Frederick","Male",14,"NO","2nd Class"
"571","Toomey, Miss. Ellen","Female",50,"YES","2nd Class"
"572","Troupiansky, Mr. Moses Aaron","Male",23,"NO","2nd Class"
"573","Trout, Mrs. William H (Jessie L)","Female",28,"YES","2nd Class"
"574","Troutt, Miss. Edwina Celia ""Winnie""","Female",27,"YES","2nd Class"
"575","Turpin, Mr. William John Robert","Male",29,"NO","2nd Class"
"576","Turpin, Mrs. William John Robert (Dorothy Ann Wonnacott)","Female",27,"NO","2nd Class"
"577","Veal, Mr. James","Male",40,"NO","2nd Class"
"578","Walcroft, Miss. Nellie","Female",31,"YES","2nd Class"
"579","Ware, Mr. John James","Male",30,"NO","2nd Class"
"580","Ware, Mr. William Jeffery","Male",23,"NO","2nd Class"
"581","Ware, Mrs. John James (Florence Louise Long)","Female",31,"YES","2nd Class"
"582","Watson, Mr. Ennis Hastings","Male",NA,"NO","2nd Class"
"583","Watt, Miss. Bertha J","Female",12,"YES","2nd Class"
"584","Watt, Mrs. James (Elizabeth ""Bessie"" Inglis Milne)","Female",40,"YES","2nd Class"
"585","Webber, Miss. Susan","Female",32,"YES","2nd Class"
"586","Weisz, Mr. Leopold","Male",27,"NO","2nd Class"
"587","Weisz, Mrs. Leopold (Mathilde Francoise Pede)","Female",29,"YES","2nd Class"
"588","Wells, Master. Ralph Lester","Male",2,"YES","2nd Class"
"589","Wells, Miss. Joan","Female",4,"YES","2nd Class"
"590","Wells, Mrs. Arthur Henry (""Addie"" Dart Trevaskis)","Female",29,"YES","2nd Class"
"591","West, Miss. Barbara J","Female",0,"YES","2nd Class"
"592","West, Miss. Constance Mirium","Female",5,"YES","2nd Class"
"593","West, Mr. Edwy Arthur","Male",36,"NO","2nd Class"
"594","West, Mrs. Edwy Arthur (Ada Mary Worth)","Female",33,"YES","2nd Class"
"595","Wheadon, Mr. Edward H","Male",66,"NO","2nd Class"
"596","Wheeler, Mr. Edwin ""Frederick""","Male",NA,"NO","2nd Class"
"597","Wilhelms, Mr. Charles","Male",31,"YES","2nd Class"
"598","Williams, Mr. Charles Eugene","Male",NA,"YES","2nd Class"
"599","Wright, Miss. Marion","Female",26,"YES","2nd Class"
"600","Yrois, Miss. Henriette (""Mrs Harbeck"")","Female",24,"NO","2nd Class"
"601","Abbing, Mr. Anthony","Male",42,"NO","3rd Class"
"602","Abbott, Master. Eugene Joseph","Male",13,"NO","3rd Class"
"603","Abbott, Mr. Rossmore Edward","Male",16,"NO","3rd Class"
"604","Abbott, Mrs. Stanton (Rosa Hunt)","Female",35,"YES","3rd Class"
"605","Abelseth, Miss. Karen Marie","Female",16,"YES","3rd Class"
"606","Abelseth, Mr. Olaus Jorgensen","Male",25,"YES","3rd Class"
"607","Abrahamsson, Mr. Abraham August Johannes","Male",20,"YES","3rd Class"
"608","Abrahim, Mrs. Joseph (Sophie Halaut Easu)","Female",18,"YES","3rd Class"
"609","Adahl, Mr. Mauritz Nils Martin","Male",30,"NO","3rd Class"
"610","Adams, Mr. John","Male",26,"NO","3rd Class"
"611","Ahlin, Mrs. Johan (Johanna Persdotter Larsson)","Female",40,"NO","3rd Class"
"612","Aks, Master. Philip Frank","Male",0,"YES","3rd Class"
"613","Aks, Mrs. Sam (Leah Rosen)","Female",18,"YES","3rd Class"
"614","Albimona, Mr. Nassef Cassem","Male",26,"YES","3rd Class"
"615","Alexander, Mr. William","Male",26,"NO","3rd Class"
"616","Alhomaki, Mr. Ilmari Rudolf","Male",20,"NO","3rd Class"
"617","Ali, Mr. Ahmed","Male",24,"NO","3rd Class"
"618","Ali, Mr. William","Male",25,"NO","3rd Class"
"619","Allen, Mr. William Henry","Male",35,"NO","3rd Class"
"620","Allum, Mr. Owen George","Male",18,"NO","3rd Class"
"621","Andersen, Mr. Albert Karvin","Male",32,"NO","3rd Class"
"622","Andersen-Jensen, Miss. Carla Christine Nielsine","Female",19,"YES","3rd Class"
"623","Andersson, Master. Sigvard Harald Elias","Male",4,"NO","3rd Class"
"624","Andersson, Miss. Ebba Iris Alfrida","Female",6,"NO","3rd Class"
"625","Andersson, Miss. Ellis Anna Maria","Female",2,"NO","3rd Class"
"626","Andersson, Miss. Erna Alexandra","Female",17,"YES","3rd Class"
"627","Andersson, Miss. Ida Augusta Margareta","Female",38,"NO","3rd Class"
"628","Andersson, Miss. Ingeborg Constanzia","Female",9,"NO","3rd Class"
"629","Andersson, Miss. Sigrid Elisabeth","Female",11,"NO","3rd Class"
"630","Andersson, Mr. Anders Johan","Male",39,"NO","3rd Class"
"631","Andersson, Mr. August Edvard (""Wennerstrom"")","Male",27,"YES","3rd Class"
"632","Andersson, Mr. Johan Samuel","Male",26,"NO","3rd Class"
"633","Andersson, Mrs. Anders Johan (Alfrida Konstantia Brogren)","Female",39,"NO","3rd Class"
"634","Andreasson, Mr. Paul Edvin","Male",20,"NO","3rd Class"
"635","Angheloff, Mr. Minko","Male",26,"NO","3rd Class"
"636","Arnold-Franchi, Mr. Josef","Male",25,"NO","3rd Class"
"637","Arnold-Franchi, Mrs. Josef (Josefine Franchi)","Female",18,"NO","3rd Class"
"638","Aronsson, Mr. Ernst Axel Algot","Male",24,"NO","3rd Class"
"639","Asim, Mr. Adola","Male",35,"NO","3rd Class"
"640","Asplund, Master. Carl Edgar","Male",5,"NO","3rd Class"
"641","Asplund, Master. Clarence Gustaf Hugo","Male",9,"NO","3rd Class"
"642","Asplund, Master. Edvin Rojj Felix","Male",3,"YES","3rd Class"
"643","Asplund, Master. Filip Oscar","Male",13,"NO","3rd Class"
"644","Asplund, Miss. Lillian Gertrud","Female",5,"YES","3rd Class"
"645","Asplund, Mr. Carl Oscar Vilhelm Gustafsson","Male",40,"NO","3rd Class"
"646","Asplund, Mr. Johan Charles","Male",23,"YES","3rd Class"
"647","Asplund, Mrs. Carl Oscar (Selma Augusta Emilia Johansson)","Female",38,"YES","3rd Class"
"648","Assaf Khalil, Mrs. Mariana (""Miriam"")","Female",45,"YES","3rd Class"
"649","Assaf, Mr. Gerios","Male",21,"NO","3rd Class"
"650","Assam, Mr. Ali","Male",23,"NO","3rd Class"
"651","Attalah, Miss. Malake","Female",17,"NO","3rd Class"
"652","Attalah, Mr. Sleiman","Male",30,"NO","3rd Class"
"653","Augustsson, Mr. Albert","Male",23,"NO","3rd Class"
"654","Ayoub, Miss. Banoura","Female",13,"YES","3rd Class"
"655","Baccos, Mr. Raffull","Male",20,"NO","3rd Class"
"656","Backstrom, Mr. Karl Alfred","Male",32,"NO","3rd Class"
"657","Backstrom, Mrs. Karl Alfred (Maria Mathilda Gustafsson)","Female",33,"YES","3rd Class"
"658","Baclini, Miss. Eugenie","Female",0,"YES","3rd Class"
"659","Baclini, Miss. Helene Barbara","Female",0,"YES","3rd Class"
"660","Baclini, Miss. Marie Catherine","Female",5,"YES","3rd Class"
"661","Baclini, Mrs. Solomon (Latifa Qurban)","Female",24,"YES","3rd Class"
"662","Badman, Miss. Emily Louisa","Female",18,"YES","3rd Class"
"663","Badt, Mr. Mohamed","Male",40,"NO","3rd Class"
"664","Balkic, Mr. Cerin","Male",26,"NO","3rd Class"
"665","Barah, Mr. Hanna Assi","Male",20,"YES","3rd Class"
"666","Barbara, Miss. Saiide","Female",18,"NO","3rd Class"
"667","Barbara, Mrs. (Catherine David)","Female",45,"NO","3rd Class"
"668","Barry, Miss. Julia","Female",27,"NO","3rd Class"
"669","Barton, Mr. David John","Male",22,"NO","3rd Class"
"670","Beavan, Mr. William Thomas","Male",19,"NO","3rd Class"
"671","Bengtsson, Mr. John Viktor","Male",26,"NO","3rd Class"
"672","Berglund, Mr. Karl Ivar Sven","Male",22,"NO","3rd Class"
"673","Betros, Master. Seman","Male",NA,"NO","3rd Class"
"674","Betros, Mr. Tannous","Male",20,"NO","3rd Class"
"675","Bing, Mr. Lee","Male",32,"YES","3rd Class"
"676","Birkeland, Mr. Hans Martin Monsen","Male",21,"NO","3rd Class"
"677","Bjorklund, Mr. Ernst Herbert","Male",18,"NO","3rd Class"
"678","Bostandyeff, Mr. Guentcho","Male",26,"NO","3rd Class"
"679","Boulos, Master. Akar","Male",6,"NO","3rd Class"
"680","Boulos, Miss. Nourelain","Female",9,"NO","3rd Class"
"681","Boulos, Mr. Hanna","Male",NA,"NO","3rd Class"
"682","Boulos, Mrs. Joseph (Sultana)","Female",NA,"NO","3rd Class"
"683","Bourke, Miss. Mary","Female",NA,"NO","3rd Class"
"684","Bourke, Mr. John","Male",40,"NO","3rd Class"
"685","Bourke, Mrs. John (Catherine)","Female",32,"NO","3rd Class"
"686","Bowen, Mr. David John ""Dai""","Male",21,"NO","3rd Class"
"687","Bradley, Miss. Bridget Delia","Female",22,"YES","3rd Class"
"688","Braf, Miss. Elin Ester Maria","Female",20,"NO","3rd Class"
"689","Braund, Mr. Lewis Richard","Male",29,"NO","3rd Class"
"690","Braund, Mr. Owen Harris","Male",22,"NO","3rd Class"
"691","Brobeck, Mr. Karl Rudolf","Male",22,"NO","3rd Class"
"692","Brocklebank, Mr. William Alfred","Male",35,"NO","3rd Class"
"693","Buckley, Miss. Katherine","Female",18,"NO","3rd Class"
"694","Buckley, Mr. Daniel","Male",21,"YES","3rd Class"
"695","Burke, Mr. Jeremiah","Male",19,"NO","3rd Class"
"696","Burns, Miss. Mary Delia","Female",18,"NO","3rd Class"
"697","Cacic, Miss. Manda","Female",21,"NO","3rd Class"
"698","Cacic, Miss. Marija","Female",30,"NO","3rd Class"
"699","Cacic, Mr. Jego Grga","Male",18,"NO","3rd Class"
"700","Cacic, Mr. Luka","Male",38,"NO","3rd Class"
"701","Calic, Mr. Jovo","Male",17,"NO","3rd Class"
"702","Calic, Mr. Petar","Male",17,"NO","3rd Class"
"703","Canavan, Miss. Mary","Female",21,"NO","3rd Class"
"704","Canavan, Mr. Patrick","Male",21,"NO","3rd Class"
"705","Cann, Mr. Ernest Charles","Male",21,"NO","3rd Class"
"706","Caram, Mr. Joseph","Male",NA,"NO","3rd Class"
"707","Caram, Mrs. Joseph (Maria Elias)","Female",NA,"NO","3rd Class"
"708","Carlsson, Mr. August Sigfrid","Male",28,"NO","3rd Class"
"709","Carlsson, Mr. Carl Robert","Male",24,"NO","3rd Class"
"710","Carr, Miss. Helen ""Ellen""","Female",16,"YES","3rd Class"
"711","Carr, Miss. Jeannie","Female",37,"NO","3rd Class"
"712","Carver, Mr. Alfred John","Male",28,"NO","3rd Class"
"713","Celotti, Mr. Francesco","Male",24,"NO","3rd Class"
"714","Charters, Mr. David","Male",21,"NO","3rd Class"
"715","Chip, Mr. Chang","Male",32,"YES","3rd Class"
"716","Christmann, Mr. Emil","Male",29,"NO","3rd Class"
"717","Chronopoulos, Mr. Apostolos","Male",26,"NO","3rd Class"
"718","Chronopoulos, Mr. Demetrios","Male",18,"NO","3rd Class"
"719","Coelho, Mr. Domingos Fernandeo","Male",20,"NO","3rd Class"
"720","Cohen, Mr. Gurshon ""Gus""","Male",18,"YES","3rd Class"
"721","Colbert, Mr. Patrick","Male",24,"NO","3rd Class"
"722","Coleff, Mr. Peju","Male",36,"NO","3rd Class"
"723","Coleff, Mr. Satio","Male",24,"NO","3rd Class"
"724","Conlon, Mr. Thomas Henry","Male",31,"NO","3rd Class"
"725","Connaghton, Mr. Michael","Male",31,"NO","3rd Class"
"726","Connolly, Miss. Kate","Female",22,"YES","3rd Class"
"727","Connolly, Miss. Kate","Female",30,"NO","3rd Class"
"728","Connors, Mr. Patrick","Male",70,"NO","3rd Class"
"729","Cook, Mr. Jacob","Male",43,"NO","3rd Class"
"730","Cor, Mr. Bartol","Male",35,"NO","3rd Class"
"731","Cor, Mr. Ivan","Male",27,"NO","3rd Class"
"732","Cor, Mr. Liudevit","Male",19,"NO","3rd Class"
"733","Corn, Mr. Harry","Male",30,"NO","3rd Class"
"734","Coutts, Master. Eden Leslie ""Neville""","Male",9,"YES","3rd Class"
"735","Coutts, Master. William Loch ""William""","Male",3,"YES","3rd Class"
"736","Coutts, Mrs. William (Winnie ""Minnie"" Treanor)","Female",36,"YES","3rd Class"
"737","Coxon, Mr. Daniel","Male",59,"NO","3rd Class"
"738","Crease, Mr. Ernest James","Male",19,"NO","3rd Class"
"739","Cribb, Miss. Laura Alice","Female",17,"YES","3rd Class"
"740","Cribb, Mr. John Hatfield","Male",44,"NO","3rd Class"
"741","Culumovic, Mr. Jeso","Male",17,"NO","3rd Class"
"742","Daher, Mr. Shedid","Male",22,"NO","3rd Class"
"743","Dahl, Mr. Karl Edwart","Male",45,"YES","3rd Class"
"744","Dahlberg, Miss. Gerda Ulrika","Female",22,"NO","3rd Class"
"745","Dakic, Mr. Branko","Male",19,"NO","3rd Class"
"746","Daly, Miss. Margaret Marcella ""Maggie""","Female",30,"YES","3rd Class"
"747","Daly, Mr. Eugene Patrick","Male",29,"YES","3rd Class"
"748","Danbom, Master. Gilbert Sigvard Emanuel","Male",0,"NO","3rd Class"
"749","Danbom, Mr. Ernst Gilbert","Male",34,"NO","3rd Class"
"750","Danbom, Mrs. Ernst Gilbert (Anna Sigrid Maria Brogren)","Female",28,"NO","3rd Class"
"751","Danoff, Mr. Yoto","Male",27,"NO","3rd Class"
"752","Dantcheff, Mr. Ristiu","Male",25,"NO","3rd Class"
"753","Davies, Mr. Alfred J","Male",24,"NO","3rd Class"
"754","Davies, Mr. Evan","Male",22,"NO","3rd Class"
"755","Davies, Mr. John Samuel","Male",21,"NO","3rd Class"
"756","Davies, Mr. Joseph","Male",17,"NO","3rd Class"
"757","Davison, Mr. Thomas Henry","Male",NA,"NO","3rd Class"
"758","Davison, Mrs. Thomas Henry (Mary E Finck)","Female",NA,"YES","3rd Class"
"759","de Messemaeker, Mr. Guillaume Joseph","Male",36,"YES","3rd Class"
"760","de Messemaeker, Mrs. Guillaume Joseph (Emma)","Female",36,"YES","3rd Class"
"761","de Mulder, Mr. Theodore","Male",30,"YES","3rd Class"
"762","de Pelsmaeker, Mr. Alfons","Male",16,"NO","3rd Class"
"763","Dean, Master. Bertram Vere","Male",1,"YES","3rd Class"
"764","Dean, Miss. Elizabeth Gladys ""Millvina""","Female",0,"YES","3rd Class"
"765","Dean, Mr. Bertram Frank","Male",26,"NO","3rd Class"
"766","Dean, Mrs. Bertram (Eva Georgetta Light)","Female",33,"YES","3rd Class"
"767","Delalic, Mr. Redjo","Male",25,"NO","3rd Class"
"768","Demetri, Mr. Marinko","Male",NA,"NO","3rd Class"
"769","Denkoff, Mr. Mitto","Male",NA,"NO","3rd Class"
"770","Dennis, Mr. Samuel","Male",22,"NO","3rd Class"
"771","Dennis, Mr. William","Male",36,"NO","3rd Class"
"772","Devaney, Miss. Margaret Delia","Female",19,"YES","3rd Class"
"773","Dika, Mr. Mirko","Male",17,"NO","3rd Class"
"774","Dimic, Mr. Jovan","Male",42,"NO","3rd Class"
"775","Dintcheff, Mr. Valtcho","Male",43,"NO","3rd Class"
"776","Doharr, Mr. Tannous","Male",NA,"NO","3rd Class"
"777","Dooley, Mr. Patrick","Male",32,"NO","3rd Class"
"778","Dorking, Mr. Edward Arthur","Male",19,"YES","3rd Class"
"779","Dowdell, Miss. Elizabeth","Female",30,"YES","3rd Class"
"780","Doyle, Miss. Elizabeth","Female",24,"NO","3rd Class"
"781","Drapkin, Miss. Jennie","Female",23,"YES","3rd Class"
"782","Drazenoic, Mr. Jozef","Male",33,"NO","3rd Class"
"783","Duane, Mr. Frank","Male",65,"NO","3rd Class"
"784","Duquemin, Mr. Joseph","Male",24,"YES","3rd Class"
"785","Dyker, Mr. Adolf Fredrik","Male",23,"NO","3rd Class"
"786","Dyker, Mrs. Adolf Fredrik (Anna Elisabeth Judith Andersson)","Female",22,"YES","3rd Class"
"787","Edvardsson, Mr. Gustaf Hjalmar","Male",18,"NO","3rd Class"
"788","Eklund, Mr. Hans Linus","Male",16,"NO","3rd Class"
"789","Ekstrom, Mr. Johan","Male",45,"NO","3rd Class"
"790","Elias, Mr. Dibo","Male",NA,"NO","3rd Class"
"791","Elias, Mr. Joseph","Male",39,"NO","3rd Class"
"792","Elias, Mr. Joseph Jr","Male",17,"NO","3rd Class"
"793","Elias, Mr. Tannous","Male",15,"NO","3rd Class"
"794","Elsbury, Mr. William James","Male",47,"NO","3rd Class"
"795","Emanuel, Miss. Virginia Ethel","Female",5,"YES","3rd Class"
"796","Emir, Mr. Farred Chehab","Male",NA,"NO","3rd Class"
"797","Everett, Mr. Thomas James","Male",40,"NO","3rd Class"
"798","Farrell, Mr. James","Male",40,"NO","3rd Class"
"799","Finoli, Mr. Luigi","Male",NA,"YES","3rd Class"
"800","Fischer, Mr. Eberhard Thelander","Male",18,"NO","3rd Class"
"801","Fleming, Miss. Honora","Female",NA,"NO","3rd Class"
"802","Flynn, Mr. James","Male",NA,"NO","3rd Class"
"803","Flynn, Mr. John","Male",NA,"NO","3rd Class"
"804","Foley, Mr. Joseph","Male",26,"NO","3rd Class"
"805","Foley, Mr. William","Male",NA,"NO","3rd Class"
"806","Foo, Mr. Choong","Male",NA,"YES","3rd Class"
"807","Ford, Miss. Doolina Margaret ""Daisy""","Female",21,"NO","3rd Class"
"808","Ford, Miss. Robina Maggie ""Ruby""","Female",9,"NO","3rd Class"
"809","Ford, Mr. Arthur","Male",NA,"NO","3rd Class"
"810","Ford, Mr. Edward Watson","Male",18,"NO","3rd Class"
"811","Ford, Mr. William Neal","Male",16,"NO","3rd Class"
"812","Ford, Mrs. Edward (Margaret Ann Watson)","Female",48,"NO","3rd Class"
"813","Fox, Mr. Patrick","Male",NA,"NO","3rd Class"
"814","Franklin, Mr. Charles (Charles Fardon)","Male",NA,"NO","3rd Class"
"815","Gallagher, Mr. Martin","Male",25,"NO","3rd Class"
"816","Garfirth, Mr. John","Male",NA,"NO","3rd Class"
"817","Gheorgheff, Mr. Stanio","Male",NA,"NO","3rd Class"
"818","Gilinski, Mr. Eliezer","Male",22,"NO","3rd Class"
"819","Gilnagh, Miss. Katherine ""Katie""","Female",16,"YES","3rd Class"
"820","Glynn, Miss. Mary Agatha","Female",NA,"YES","3rd Class"
"821","Goldsmith, Master. Frank John William ""Frankie""","Male",9,"YES","3rd Class"
"822","Goldsmith, Mr. Frank John","Male",33,"NO","3rd Class"
"823","Goldsmith, Mr. Nathan","Male",41,"NO","3rd Class"
"824","Goldsmith, Mrs. Frank John (Emily Alice Brown)","Female",31,"YES","3rd Class"
"825","Goncalves, Mr. Manuel Estanslas","Male",38,"NO","3rd Class"
"826","Goodwin, Master. Harold Victor","Male",9,"NO","3rd Class"
"827","Goodwin, Master. Sidney Leonard","Male",1,"NO","3rd Class"
"828","Goodwin, Master. William Frederick","Male",11,"NO","3rd Class"
"829","Goodwin, Miss. Jessie Allis","Female",10,"NO","3rd Class"
"830","Goodwin, Miss. Lillian Amy","Female",16,"NO","3rd Class"
"831","Goodwin, Mr. Charles Edward","Male",14,"NO","3rd Class"
"832","Goodwin, Mr. Charles Frederick","Male",40,"NO","3rd Class"
"833","Goodwin, Mrs. Frederick (Augusta Tyler)","Female",43,"NO","3rd Class"
"834","Green, Mr. George Henry","Male",51,"NO","3rd Class"
"835","Gronnestad, Mr. Daniel Danielsen","Male",32,"NO","3rd Class"
"836","Guest, Mr. Robert","Male",NA,"NO","3rd Class"
"837","Gustafsson, Mr. Alfred Ossian","Male",20,"NO","3rd Class"
"838","Gustafsson, Mr. Anders Vilhelm","Male",37,"NO","3rd Class"
"839","Gustafsson, Mr. Johan Birger","Male",28,"NO","3rd Class"
"840","Gustafsson, Mr. Karl Gideon","Male",19,"NO","3rd Class"
"841","Haas, Miss. Aloisia","Female",24,"NO","3rd Class"
"842","Hagardon, Miss. Kate","Female",17,"NO","3rd Class"
"843","Hagland, Mr. Ingvald Olai Olsen","Male",NA,"NO","3rd Class"
"844","Hagland, Mr. Konrad Mathias Reiersen","Male",NA,"NO","3rd Class"
"845","Hakkarainen, Mr. Pekka Pietari","Male",28,"NO","3rd Class"
"846","Hakkarainen, Mrs. Pekka Pietari (Elin Matilda Dolck)","Female",24,"YES","3rd Class"
"847","Hampe, Mr. Leon","Male",20,"NO","3rd Class"
"848","Hanna, Mr. Mansour","Male",23,"NO","3rd Class"
"849","Hansen, Mr. Claus Peter","Male",41,"NO","3rd Class"
"850","Hansen, Mr. Henrik Juul","Male",26,"NO","3rd Class"
"851","Hansen, Mr. Henry Damsgaard","Male",21,"NO","3rd Class"
"852","Hansen, Mrs. Claus Peter (Jennie L Howard)","Female",45,"YES","3rd Class"
"853","Harknett, Miss. Alice Phoebe","Female",NA,"NO","3rd Class"
"854","Harmer, Mr. Abraham (David Lishin)","Male",25,"NO","3rd Class"
"855","Hart, Mr. Henry","Male",NA,"NO","3rd Class"
"856","Hassan, Mr. Houssein G N","Male",11,"NO","3rd Class"
"857","Healy, Miss. Hanora ""Nora""","Female",NA,"YES","3rd Class"
"858","Hedman, Mr. Oskar Arvid","Male",27,"YES","3rd Class"
"859","Hee, Mr. Ling","Male",NA,"YES","3rd Class"
"860","Hegarty, Miss. Hanora ""Nora""","Female",18,"NO","3rd Class"
"861","Heikkinen, Miss. Laina","Female",26,"YES","3rd Class"
"862","Heininen, Miss. Wendla Maria","Female",23,"NO","3rd Class"
"863","Hellstrom, Miss. Hilda Maria","Female",22,"YES","3rd Class"
"864","Hendekovic, Mr. Ignjac","Male",28,"NO","3rd Class"
"865","Henriksson, Miss. Jenny Lovisa","Female",28,"NO","3rd Class"
"866","Henry, Miss. Delia","Female",NA,"NO","3rd Class"
"867","Hirvonen, Miss. Hildur E","Female",2,"YES","3rd Class"
"868","Hirvonen, Mrs. Alexander (Helga E Lindqvist)","Female",22,"YES","3rd Class"
"869","Holm, Mr. John Fredrik Alexander","Male",43,"NO","3rd Class"
"870","Holthen, Mr. Johan Martin","Male",28,"NO","3rd Class"
"871","Honkanen, Miss. Eliina","Female",27,"YES","3rd Class"
"872","Horgan, Mr. John","Male",NA,"NO","3rd Class"
"873","Howard, Miss. May Elizabeth","Female",NA,"YES","3rd Class"
"874","Humblen, Mr. Adolf Mathias Nicolai Olsen","Male",42,"NO","3rd Class"
"875","Hyman, Mr. Abraham","Male",NA,"YES","3rd Class"
"876","Ibrahim Shawah, Mr. Yousseff","Male",30,"NO","3rd Class"
"877","Ilieff, Mr. Ylio","Male",NA,"NO","3rd Class"
"878","Ilmakangas, Miss. Ida Livija","Female",27,"NO","3rd Class"
"879","Ilmakangas, Miss. Pieta Sofia","Female",25,"NO","3rd Class"
"880","Ivanoff, Mr. Kanio","Male",NA,"NO","3rd Class"
"881","Jalsevac, Mr. Ivan","Male",29,"YES","3rd Class"
"882","Jansson, Mr. Carl Olof","Male",21,"YES","3rd Class"
"883","Jardin, Mr. Jose Neto","Male",NA,"NO","3rd Class"
"884","Jensen, Mr. Hans Peder","Male",20,"NO","3rd Class"
"885","Jensen, Mr. Niels Peder","Male",48,"NO","3rd Class"
"886","Jensen, Mr. Svend Lauritz","Male",17,"NO","3rd Class"
"887","Jermyn, Miss. Annie","Female",NA,"YES","3rd Class"
"888","Johannesen-Bratthammer, Mr. Bernt","Male",NA,"YES","3rd Class"
"889","Johanson, Mr. Jakob Alfred","Male",34,"NO","3rd Class"
"890","Johansson Palmquist, Mr. Oskar Leander","Male",26,"YES","3rd Class"
"891","Johansson, Mr. Erik","Male",22,"NO","3rd Class"
"892","Johansson, Mr. Gustaf Joel","Male",33,"NO","3rd Class"
"893","Johansson, Mr. Karl Johan","Male",31,"NO","3rd Class"
"894","Johansson, Mr. Nils","Male",29,"NO","3rd Class"
"895","Johnson, Master. Harold Theodor","Male",4,"YES","3rd Class"
"896","Johnson, Miss. Eleanor Ileen","Female",1,"YES","3rd Class"
"897","Johnson, Mr. Alfred","Male",49,"NO","3rd Class"
"898","Johnson, Mr. Malkolm Joackim","Male",33,"NO","3rd Class"
"899","Johnson, Mr. William Cahoone Jr","Male",19,"NO","3rd Class"
"900","Johnson, Mrs. Oscar W (Elisabeth Vilhelmina Berg)","Female",27,"YES","3rd Class"
"901","Johnston, Master. William Arthur ""Willie""","Male",NA,"NO","3rd Class"
"902","Johnston, Miss. Catherine Helen ""Carrie""","Female",NA,"NO","3rd Class"
"903","Johnston, Mr. Andrew G","Male",NA,"NO","3rd Class"
"904","Johnston, Mrs. Andrew G (Elizabeth ""Lily"" Watson)","Female",NA,"NO","3rd Class"
"905","Jonkoff, Mr. Lalio","Male",23,"NO","3rd Class"
"906","Jonsson, Mr. Carl","Male",32,"YES","3rd Class"
"907","Jonsson, Mr. Nils Hilding","Male",27,"NO","3rd Class"
"908","Jussila, Miss. Katriina","Female",20,"NO","3rd Class"
"909","Jussila, Miss. Mari Aina","Female",21,"NO","3rd Class"
"910","Jussila, Mr. Eiriik","Male",32,"YES","3rd Class"
"911","Kallio, Mr. Nikolai Erland","Male",17,"NO","3rd Class"
"912","Kalvik, Mr. Johannes Halvorsen","Male",21,"NO","3rd Class"
"913","Karaic, Mr. Milan","Male",30,"NO","3rd Class"
"914","Karlsson, Mr. Einar Gervasius","Male",21,"YES","3rd Class"
"915","Karlsson, Mr. Julius Konrad Eugen","Male",33,"NO","3rd Class"
"916","Karlsson, Mr. Nils August","Male",22,"NO","3rd Class"
"917","Karun, Miss. Manca","Female",4,"YES","3rd Class"
"918","Karun, Mr. Franz","Male",39,"YES","3rd Class"
"919","Kassem, Mr. Fared","Male",NA,"NO","3rd Class"
"920","Katavelas, Mr. Vassilios (""Catavelas Vassilios"")","Male",18,"NO","3rd Class"
"921","Keane, Mr. Andrew ""Andy""","Male",NA,"NO","3rd Class"
"922","Keefe, Mr. Arthur","Male",NA,"NO","3rd Class"
"923","Kelly, Miss. Anna Katherine ""Annie Kate""","Female",NA,"YES","3rd Class"
"924","Kelly, Miss. Mary","Female",NA,"YES","3rd Class"
"925","Kelly, Mr. James","Male",34,"NO","3rd Class"
"926","Kelly, Mr. James","Male",44,"NO","3rd Class"
"927","Kennedy, Mr. John","Male",NA,"YES","3rd Class"
"928","Khalil, Mr. Betros","Male",NA,"NO","3rd Class"
"929","Khalil, Mrs. Betros (Zahie ""Maria"" Elias)","Female",NA,"NO","3rd Class"
"930","Kiernan, Mr. John","Male",NA,"NO","3rd Class"
"931","Kiernan, Mr. Philip","Male",NA,"NO","3rd Class"
"932","Kilgannon, Mr. Thomas J","Male",NA,"NO","3rd Class"
"933","Kink, Miss. Maria","Female",22,"NO","3rd Class"
"934","Kink, Mr. Vincenz","Male",26,"NO","3rd Class"
"935","Kink-Heilmann, Miss. Luise Gretchen","Female",4,"YES","3rd Class"
"936","Kink-Heilmann, Mr. Anton","Male",29,"YES","3rd Class"
"937","Kink-Heilmann, Mrs. Anton (Luise Heilmann)","Female",26,"YES","3rd Class"
"938","Klasen, Miss. Gertrud Emilia","Female",1,"NO","3rd Class"
"939","Klasen, Mr. Klas Albin","Male",18,"NO","3rd Class"
"940","Klasen, Mrs. (Hulda Kristina Eugenia Lofqvist)","Female",36,"NO","3rd Class"
"941","Kraeff, Mr. Theodor","Male",NA,"NO","3rd Class"
"942","Krekorian, Mr. Neshan","Male",25,"YES","3rd Class"
"943","Lahoud, Mr. Sarkis","Male",NA,"NO","3rd Class"
"944","Laitinen, Miss. Kristina Sofia","Female",37,"NO","3rd Class"
"945","Laleff, Mr. Kristo","Male",NA,"NO","3rd Class"
"946","Lam, Mr. Ali","Male",NA,"YES","3rd Class"
"947","Lam, Mr. Len","Male",NA,"NO","3rd Class"
"948","Landergren, Miss. Aurora Adelia","Female",22,"YES","3rd Class"
"949","Lane, Mr. Patrick","Male",NA,"NO","3rd Class"
"950","Lang, Mr. Fang","Male",26,"YES","3rd Class"
"951","Larsson, Mr. August Viktor","Male",29,"NO","3rd Class"
"952","Larsson, Mr. Bengt Edvin","Male",29,"NO","3rd Class"
"953","Larsson-Rondberg, Mr. Edvard A","Male",22,"NO","3rd Class"
"954","Leeni, Mr. Fahim (""Philip Zenni"")","Male",22,"YES","3rd Class"
"955","Lefebre, Master. Henry Forbes","Male",NA,"NO","3rd Class"
"956","Lefebre, Miss. Ida","Female",NA,"NO","3rd Class"
"957","Lefebre, Miss. Jeannie","Female",NA,"NO","3rd Class"
"958","Lefebre, Miss. Mathilde","Female",NA,"NO","3rd Class"
"959","Lefebre, Mrs. Frank (Frances)","Female",NA,"NO","3rd Class"
"960","Leinonen, Mr. Antti Gustaf","Male",32,"NO","3rd Class"
"961","Lemberopolous, Mr. Peter L","Male",34,"NO","3rd Class"
"962","Lennon, Miss. Mary","Female",NA,"NO","3rd Class"
"963","Lennon, Mr. Denis","Male",NA,"NO","3rd Class"
"964","Leonard, Mr. Lionel","Male",36,"NO","3rd Class"
"965","Lester, Mr. James","Male",39,"NO","3rd Class"
"966","Lievens, Mr. Rene Aime","Male",24,"NO","3rd Class"
"967","Lindahl, Miss. Agda Thorilda Viktoria","Female",25,"NO","3rd Class"
"968","Lindblom, Miss. Augusta Charlotta","Female",45,"NO","3rd Class"
"969","Lindell, Mr. Edvard Bengtsson","Male",36,"NO","3rd Class"
"970","Lindell, Mrs. Edvard Bengtsson (Elin Gerda Persson)","Female",30,"NO","3rd Class"
"971","Lindqvist, Mr. Eino William","Male",20,"YES","3rd Class"
"972","Linehan, Mr. Michael","Male",NA,"NO","3rd Class"
"973","Ling, Mr. Lee","Male",28,"NO","3rd Class"
"974","Lithman, Mr. Simon","Male",NA,"NO","3rd Class"
"975","Lobb, Mr. William Arthur","Male",30,"NO","3rd Class"
"976","Lobb, Mrs. William Arthur (Cordelia K Stanlick)","Female",26,"NO","3rd Class"
"977","Lockyer, Mr. Edward","Male",NA,"NO","3rd Class"
"978","Lovell, Mr. John Hall (""Henry"")","Male",20,"NO","3rd Class"
"979","Lulic, Mr. Nikola","Male",27,"YES","3rd Class"
"980","Lundahl, Mr. Johan Svensson","Male",51,"NO","3rd Class"
"981","Lundin, Miss. Olga Elida","Female",23,"YES","3rd Class"
"982","Lundstrom, Mr. Thure Edvin","Male",32,"YES","3rd Class"
"983","Lyntakoff, Mr. Stanko","Male",NA,"NO","3rd Class"
"984","MacKay, Mr. George William","Male",NA,"NO","3rd Class"
"985","Madigan, Miss. Margaret ""Maggie""","Female",NA,"YES","3rd Class"
"986","Madsen, Mr. Fridtjof Arne","Male",24,"YES","3rd Class"
"987","Maenpaa, Mr. Matti Alexanteri","Male",22,"NO","3rd Class"
"988","Mahon, Miss. Bridget Delia","Female",NA,"NO","3rd Class"
"989","Mahon, Mr. John","Male",NA,"NO","3rd Class"
"990","Maisner, Mr. Simon","Male",NA,"NO","3rd Class"
"991","Makinen, Mr. Kalle Edvard","Male",29,"NO","3rd Class"
"992","Mamee, Mr. Hanna","Male",NA,"YES","3rd Class"
"993","Mangan, Miss. Mary","Female",30,"NO","3rd Class"
"994","Mannion, Miss. Margareth","Female",NA,"YES","3rd Class"
"995","Mardirosian, Mr. Sarkis","Male",NA,"NO","3rd Class"
"996","Markoff, Mr. Marin","Male",35,"NO","3rd Class"
"997","Markun, Mr. Johann","Male",33,"NO","3rd Class"
"998","Masselmani, Mrs. Fatima","Female",NA,"YES","3rd Class"
"999","Matinoff, Mr. Nicola","Male",NA,"NO","3rd Class"
"1000","McCarthy, Miss. Catherine ""Katie""","Female",NA,"YES","3rd Class"
"1001","McCormack, Mr. Thomas Joseph","Male",NA,"YES","3rd Class"
"1002","McCoy, Miss. Agnes","Female",NA,"YES","3rd Class"
"1003","McCoy, Miss. Alicia","Female",NA,"YES","3rd Class"
"1004","McCoy, Mr. Bernard","Male",NA,"YES","3rd Class"
"1005","McDermott, Miss. Brigdet Delia","Female",NA,"YES","3rd Class"
"1006","McEvoy, Mr. Michael","Male",NA,"NO","3rd Class"
"1007","McGovern, Miss. Mary","Female",NA,"YES","3rd Class"
"1008","McGowan, Miss. Anna ""Annie""","Female",15,"YES","3rd Class"
"1009","McGowan, Miss. Katherine","Female",35,"NO","3rd Class"
"1010","McMahon, Mr. Martin","Male",NA,"NO","3rd Class"
"1011","McNamee, Mr. Neal","Male",24,"NO","3rd Class"
"1012","McNamee, Mrs. Neal (Eileen O'Leary)","Female",19,"NO","3rd Class"
"1013","McNeill, Miss. Bridget","Female",NA,"NO","3rd Class"
"1014","Meanwell, Miss. (Marion Ogden)","Female",NA,"NO","3rd Class"
"1015","Meek, Mrs. Thomas (Annie Louise Rowley)","Female",NA,"NO","3rd Class"
"1016","Meo, Mr. Alfonzo","Male",55,"NO","3rd Class"
"1017","Mernagh, Mr. Robert","Male",NA,"NO","3rd Class"
"1018","Midtsjo, Mr. Karl Albert","Male",21,"YES","3rd Class"
"1019","Miles, Mr. Frank","Male",NA,"NO","3rd Class"
"1020","Mineff, Mr. Ivan","Male",24,"NO","3rd Class"
"1021","Minkoff, Mr. Lazar","Male",21,"NO","3rd Class"
"1022","Mionoff, Mr. Stoytcho","Male",28,"NO","3rd Class"
"1023","Mitkoff, Mr. Mito","Male",NA,"NO","3rd Class"
"1024","Mockler, Miss. Helen Mary ""Ellie""","Female",NA,"YES","3rd Class"
"1025","Moen, Mr. Sigurd Hansen","Male",25,"NO","3rd Class"
"1026","Moor, Master. Meier","Male",6,"YES","3rd Class"
"1027","Moor, Mrs. (Beila)","Female",27,"YES","3rd Class"
"1028","Moore, Mr. Leonard Charles","Male",NA,"NO","3rd Class"
"1029","Moran, Miss. Bertha","Female",NA,"YES","3rd Class"
"1030","Moran, Mr. Daniel J","Male",NA,"NO","3rd Class"
"1031","Moran, Mr. James","Male",NA,"NO","3rd Class"
"1032","Morley, Mr. William","Male",34,"NO","3rd Class"
"1033","Morrow, Mr. Thomas Rowan","Male",NA,"NO","3rd Class"
"1034","Moss, Mr. Albert Johan","Male",NA,"YES","3rd Class"
"1035","Moubarek, Master. Gerios","Male",NA,"YES","3rd Class"
"1036","Moubarek, Master. Halim Gonios (""William George"")","Male",NA,"YES","3rd Class"
"1037","Moubarek, Mrs. George (Omine ""Amenia"" Alexander)","Female",NA,"YES","3rd Class"
"1038","Moussa, Mrs. (Mantoura Boulos)","Female",NA,"YES","3rd Class"
"1039","Moutal, Mr. Rahamin Haim","Male",NA,"NO","3rd Class"
"1040","Mullens, Miss. Katherine ""Katie""","Female",NA,"YES","3rd Class"
"1041","Mulvihill, Miss. Bertha E","Female",24,"YES","3rd Class"
"1042","Murdlin, Mr. Joseph","Male",NA,"NO","3rd Class"
"1043","Murphy, Miss. Katherine ""Kate""","Female",NA,"YES","3rd Class"
"1044","Murphy, Miss. Margaret Jane","Female",NA,"YES","3rd Class"
"1045","Murphy, Miss. Nora","Female",NA,"YES","3rd Class"
"1046","Myhrman, Mr. Pehr Fabian Oliver Malkolm","Male",18,"NO","3rd Class"
"1047","Naidenoff, Mr. Penko","Male",22,"NO","3rd Class"
"1048","Najib, Miss. Adele Kiamie ""Jane""","Female",15,"YES","3rd Class"
"1049","Nakid, Miss. Maria (""Mary"")","Female",1,"YES","3rd Class"
"1050","Nakid, Mr. Sahid","Male",20,"YES","3rd Class"
"1051","Nakid, Mrs. Said (Waika ""Mary"" Mowad)","Female",19,"YES","3rd Class"
"1052","Nancarrow, Mr. William Henry","Male",33,"NO","3rd Class"
"1053","Nankoff, Mr. Minko","Male",NA,"NO","3rd Class"
"1054","Nasr, Mr. Mustafa","Male",NA,"NO","3rd Class"
"1055","Naughton, Miss. Hannah","Female",NA,"NO","3rd Class"
"1056","Nenkoff, Mr. Christo","Male",NA,"NO","3rd Class"
"1057","Nicola-Yarred, Master. Elias","Male",12,"YES","3rd Class"
"1058","Nicola-Yarred, Miss. Jamila","Female",14,"YES","3rd Class"
"1059","Nieminen, Miss. Manta Josefina","Female",29,"NO","3rd Class"
"1060","Niklasson, Mr. Samuel","Male",28,"NO","3rd Class"
"1061","Nilsson, Miss. Berta Olivia","Female",18,"YES","3rd Class"
"1062","Nilsson, Miss. Helmina Josefina","Female",26,"YES","3rd Class"
"1063","Nilsson, Mr. August Ferdinand","Male",21,"NO","3rd Class"
"1064","Nirva, Mr. Iisakki Antino Aijo","Male",41,"NO","3rd Class"
"1065","Niskanen, Mr. Juha","Male",39,"YES","3rd Class"
"1066","Nosworthy, Mr. Richard Cater","Male",21,"NO","3rd Class"
"1067","Novel, Mr. Mansouer","Male",28,"NO","3rd Class"
"1068","Nysten, Miss. Anna Sofia","Female",22,"YES","3rd Class"
"1069","Nysveen, Mr. Johan Hansen","Male",61,"NO","3rd Class"
"1070","O'Brien, Mr. Thomas","Male",NA,"NO","3rd Class"
"1071","O'Brien, Mr. Timothy","Male",NA,"NO","3rd Class"
"1072","O'Brien, Mrs. Thomas (Johanna ""Hannah"" Godfrey)","Female",NA,"YES","3rd Class"
"1073","O'Connell, Mr. Patrick D","Male",NA,"NO","3rd Class"
"1074","O'Connor, Mr. Maurice","Male",NA,"NO","3rd Class"
"1075","O'Connor, Mr. Patrick","Male",NA,"NO","3rd Class"
"1076","Odahl, Mr. Nils Martin","Male",23,"NO","3rd Class"
"1077","O'Donoghue, Ms. Bridget","Female",NA,"NO","3rd Class"
"1078","O'Driscoll, Miss. Bridget","Female",NA,"YES","3rd Class"
"1079","O'Dwyer, Miss. Ellen ""Nellie""","Female",NA,"YES","3rd Class"
"1080","Ohman, Miss. Velin","Female",22,"YES","3rd Class"
"1081","O'Keefe, Mr. Patrick","Male",NA,"YES","3rd Class"
"1082","O'Leary, Miss. Hanora ""Norah""","Female",NA,"YES","3rd Class"
"1083","Olsen, Master. Artur Karl","Male",9,"YES","3rd Class"
"1084","Olsen, Mr. Henry Margido","Male",28,"NO","3rd Class"
"1085","Olsen, Mr. Karl Siegwart Andreas","Male",42,"NO","3rd Class"
"1086","Olsen, Mr. Ole Martin","Male",NA,"NO","3rd Class"
"1087","Olsson, Miss. Elina","Female",31,"NO","3rd Class"
"1088","Olsson, Mr. Nils Johan Goransson","Male",28,"NO","3rd Class"
"1089","Olsson, Mr. Oscar Wilhelm","Male",32,"YES","3rd Class"
"1090","Olsvigen, Mr. Thor Anderson","Male",20,"NO","3rd Class"
"1091","Oreskovic, Miss. Jelka","Female",23,"NO","3rd Class"
"1092","Oreskovic, Miss. Marija","Female",20,"NO","3rd Class"
"1093","Oreskovic, Mr. Luka","Male",20,"NO","3rd Class"
"1094","Osen, Mr. Olaf Elon","Male",16,"NO","3rd Class"
"1095","Osman, Mrs. Mara","Female",31,"YES","3rd Class"
"1096","O'Sullivan, Miss. Bridget Mary","Female",NA,"NO","3rd Class"
"1097","Palsson, Master. Gosta Leonard","Male",2,"NO","3rd Class"
"1098","Palsson, Master. Paul Folke","Male",6,"NO","3rd Class"
"1099","Palsson, Miss. Stina Viola","Female",3,"NO","3rd Class"
"1100","Palsson, Miss. Torborg Danira","Female",8,"NO","3rd Class"
"1101","Palsson, Mrs. Nils (Alma Cornelia Berglund)","Female",29,"NO","3rd Class"
"1102","Panula, Master. Eino Viljami","Male",1,"NO","3rd Class"
"1103","Panula, Master. Juha Niilo","Male",7,"NO","3rd Class"
"1104","Panula, Master. Urho Abraham","Male",2,"NO","3rd Class"
"1105","Panula, Mr. Ernesti Arvid","Male",16,"NO","3rd Class"
"1106","Panula, Mr. Jaako Arnold","Male",14,"NO","3rd Class"
"1107","Panula, Mrs. Juha (Maria Emilia Ojala)","Female",41,"NO","3rd Class"
"1108","Pasic, Mr. Jakob","Male",21,"NO","3rd Class"
"1109","Patchett, Mr. George","Male",19,"NO","3rd Class"
"1110","Paulner, Mr. Uscher","Male",NA,"NO","3rd Class"
"1111","Pavlovic, Mr. Stefo","Male",32,"NO","3rd Class"
"1112","Peacock, Master. Alfred Edward","Male",0,"NO","3rd Class"
"1113","Peacock, Miss. Treasteall","Female",3,"NO","3rd Class"
"1114","Peacock, Mrs. Benjamin (Edith Nile)","Female",26,"NO","3rd Class"
"1115","Pearce, Mr. Ernest","Male",NA,"NO","3rd Class"
"1116","Pedersen, Mr. Olaf","Male",NA,"NO","3rd Class"
"1117","Peduzzi, Mr. Joseph","Male",NA,"NO","3rd Class"
"1118","Pekoniemi, Mr. Edvard","Male",21,"NO","3rd Class"
"1119","Peltomaki, Mr. Nikolai Johannes","Male",25,"NO","3rd Class"
"1120","Perkin, Mr. John Henry","Male",22,"NO","3rd Class"
"1121","Persson, Mr. Ernst Ulrik","Male",25,"YES","3rd Class"
"1122","Peter, Master. Michael J","Male",NA,"YES","3rd Class"
"1123","Peter, Miss. Anna","Female",NA,"YES","3rd Class"
"1124","Peter, Mrs. Catherine (Catherine Rizk)","Female",NA,"YES","3rd Class"
"1125","Peters, Miss. Katie","Female",NA,"NO","3rd Class"
"1126","Petersen, Mr. Marius","Male",24,"NO","3rd Class"
"1127","Petranec, Miss. Matilda","Female",28,"NO","3rd Class"
"1128","Petroff, Mr. Nedelio","Male",19,"NO","3rd Class"
"1129","Petroff, Mr. Pastcho (""Pentcho"")","Male",NA,"NO","3rd Class"
"1130","Petterson, Mr. Johan Emil","Male",25,"NO","3rd Class"
"1131","Pettersson, Miss. Ellen Natalia","Female",18,"NO","3rd Class"
"1132","Pickard, Mr. Berk (Berk Trembisky)","Male",32,"YES","3rd Class"
"1133","Plotcharsky, Mr. Vasil","Male",NA,"NO","3rd Class"
"1134","Pokrnic, Mr. Mate","Male",17,"NO","3rd Class"
"1135","Pokrnic, Mr. Tome","Male",24,"NO","3rd Class"
"1136","Radeff, Mr. Alexander","Male",NA,"NO","3rd Class"
"1137","Rasmussen, Mrs. (Lena Jacobsen Solvang)","Female",NA,"NO","3rd Class"
"1138","Razi, Mr. Raihed","Male",NA,"NO","3rd Class"
"1139","Reed, Mr. James George","Male",NA,"NO","3rd Class"
"1140","Rekic, Mr. Tido","Male",38,"NO","3rd Class"
"1141","Reynolds, Mr. Harold J","Male",21,"NO","3rd Class"
"1142","Rice, Master. Albert","Male",10,"NO","3rd Class"
"1143","Rice, Master. Arthur","Male",4,"NO","3rd Class"
"1144","Rice, Master. Eric","Male",7,"NO","3rd Class"
"1145","Rice, Master. Eugene","Male",2,"NO","3rd Class"
"1146","Rice, Master. George Hugh","Male",8,"NO","3rd Class"
"1147","Rice, Mrs. William (Margaret Norton)","Female",39,"NO","3rd Class"
"1148","Riihivouri, Miss. Susanna Juhantytar ""Sanni""","Female",22,"NO","3rd Class"
"1149","Rintamaki, Mr. Matti","Male",35,"NO","3rd Class"
"1150","Riordan, Miss. Johanna ""Hannah""","Female",NA,"YES","3rd Class"
"1151","Risien, Mr. Samuel Beard","Male",NA,"NO","3rd Class"
"1152","Risien, Mrs. Samuel (Emma)","Female",NA,"NO","3rd Class"
"1153","Robins, Mr. Alexander A","Male",50,"NO","3rd Class"
"1154","Robins, Mrs. Alexander A (Grace Charity Laury)","Female",47,"NO","3rd Class"
"1155","Rogers, Mr. William John","Male",NA,"NO","3rd Class"
"1156","Rommetvedt, Mr. Knud Paust","Male",NA,"NO","3rd Class"
"1157","Rosblom, Miss. Salli Helena","Female",2,"NO","3rd Class"
"1158","Rosblom, Mr. Viktor Richard","Male",18,"NO","3rd Class"
"1159","Rosblom, Mrs. Viktor (Helena Wilhelmina)","Female",41,"NO","3rd Class"
"1160","Roth, Miss. Sarah A","Female",NA,"YES","3rd Class"
"1161","Rouse, Mr. Richard Henry","Male",50,"NO","3rd Class"
"1162","Rush, Mr. Alfred George John","Male",16,"NO","3rd Class"
"1163","Ryan, Mr. Edward","Male",NA,"YES","3rd Class"
"1164","Ryan, Mr. Patrick","Male",NA,"NO","3rd Class"
"1165","Saad, Mr. Amin","Male",NA,"NO","3rd Class"
"1166","Saad, Mr. Khalil","Male",25,"NO","3rd Class"
"1167","Saade, Mr. Jean Nassr","Male",NA,"NO","3rd Class"
"1168","Sadlier, Mr. Matthew","Male",NA,"NO","3rd Class"
"1169","Sadowitz, Mr. Harry","Male",NA,"NO","3rd Class"
"1170","Saether, Mr. Simon Sivertsen","Male",38,"NO","3rd Class"
"1171","Sage, Master. Thomas Henry","Male",NA,"NO","3rd Class"
"1172","Sage, Master. William Henry","Male",14,"NO","3rd Class"
"1173","Sage, Miss. Ada","Female",NA,"NO","3rd Class"
"1174","Sage, Miss. Constance Gladys","Female",NA,"NO","3rd Class"
"1175","Sage, Miss. Dorothy Edith ""Dolly""","Female",NA,"NO","3rd Class"
"1176","Sage, Miss. Stella Anna","Female",NA,"NO","3rd Class"
"1177","Sage, Mr. Douglas Bullen","Male",NA,"NO","3rd Class"
"1178","Sage, Mr. Frederick","Male",NA,"NO","3rd Class"
"1179","Sage, Mr. George John Jr","Male",NA,"NO","3rd Class"
"1180","Sage, Mr. John George","Male",NA,"NO","3rd Class"
"1181","Sage, Mrs. John (Annie Bullen)","Female",NA,"NO","3rd Class"
"1182","Salander, Mr. Karl Johan","Male",24,"NO","3rd Class"
"1183","Salkjelsvik, Miss. Anna Kristine","Female",21,"YES","3rd Class"
"1184","Salonen, Mr. Johan Werner","Male",39,"NO","3rd Class"
"1185","Samaan, Mr. Elias","Male",NA,"NO","3rd Class"
"1186","Samaan, Mr. Hanna","Male",NA,"NO","3rd Class"
"1187","Samaan, Mr. Youssef","Male",NA,"NO","3rd Class"
"1188","Sandstrom, Miss. Beatrice Irene","Female",1,"YES","3rd Class"
"1189","Sandstrom, Mrs. Hjalmar (Agnes Charlotta Bengtsson)","Female",24,"YES","3rd Class"
"1190","Sandstrom, Miss. Marguerite Rut","Female",4,"YES","3rd Class"
"1191","Sap, Mr. Julius","Male",25,"YES","3rd Class"
"1192","Saundercock, Mr. William Henry","Male",20,"NO","3rd Class"
"1193","Sawyer, Mr. Frederick Charles","Male",24,"NO","3rd Class"
"1194","Scanlan, Mr. James","Male",NA,"NO","3rd Class"
"1195","Sdycoff, Mr. Todor","Male",NA,"NO","3rd Class"
"1196","Shaughnessy, Mr. Patrick","Male",NA,"NO","3rd Class"
"1197","Sheerlinck, Mr. Jan Baptist","Male",29,"YES","3rd Class"
"1198","Shellard, Mr. Frederick William","Male",NA,"NO","3rd Class"
"1199","Shine, Miss. Ellen Natalia","Female",NA,"YES","3rd Class"
"1200","Shorney, Mr. Charles Joseph","Male",NA,"NO","3rd Class"
"1201","Simmons, Mr. John","Male",NA,"NO","3rd Class"
"1202","Sirayanian, Mr. Orsen","Male",22,"NO","3rd Class"
"1203","Sirota, Mr. Maurice","Male",NA,"NO","3rd Class"
"1204","Sivic, Mr. Husein","Male",40,"NO","3rd Class"
"1205","Sivola, Mr. Antti Wilhelm","Male",21,"NO","3rd Class"
"1206","Sjoblom, Miss. Anna Sofia","Female",18,"YES","3rd Class"
"1207","Skoog, Master. Harald","Male",4,"NO","3rd Class"
"1208","Skoog, Master. Karl Thorsten","Male",10,"NO","3rd Class"
"1209","Skoog, Miss. Mabel","Female",9,"NO","3rd Class"
"1210","Skoog, Miss. Margit Elizabeth","Female",2,"NO","3rd Class"
"1211","Skoog, Mr. Wilhelm","Male",40,"NO","3rd Class"
"1212","Skoog, Mrs. William (Anna Bernhardina Karlsson)","Female",45,"NO","3rd Class"
"1213","Slabenoff, Mr. Petco","Male",NA,"NO","3rd Class"
"1214","Slocovski, Mr. Selman Francis","Male",NA,"NO","3rd Class"
"1215","Smiljanic, Mr. Mile","Male",NA,"NO","3rd Class"
"1216","Smith, Mr. Thomas","Male",NA,"NO","3rd Class"
"1217","Smyth, Miss. Julia","Female",NA,"YES","3rd Class"
"1218","Soholt, Mr. Peter Andreas Lauritz Andersen","Male",19,"NO","3rd Class"
"1219","Somerton, Mr. Francis William","Male",30,"NO","3rd Class"
"1220","Spector, Mr. Woolf","Male",NA,"NO","3rd Class"
"1221","Spinner, Mr. Henry John","Male",32,"NO","3rd Class"
"1222","Staneff, Mr. Ivan","Male",NA,"NO","3rd Class"
"1223","Stankovic, Mr. Ivan","Male",33,"NO","3rd Class"
"1224","Stanley, Miss. Amy Zillah Elsie","Female",23,"YES","3rd Class"
"1225","Stanley, Mr. Edward Roland","Male",21,"NO","3rd Class"
"1226","Storey, Mr. Thomas","Male",60,"NO","3rd Class"
"1227","Stoytcheff, Mr. Ilia","Male",19,"NO","3rd Class"
"1228","Strandberg, Miss. Ida Sofia","Female",22,"NO","3rd Class"
"1229","Stranden, Mr. Juho","Male",31,"YES","3rd Class"
"1230","Strilic, Mr. Ivan","Male",27,"NO","3rd Class"
"1231","Strom, Miss. Telma Matilda","Female",2,"NO","3rd Class"
"1232","Strom, Mrs. Wilhelm (Elna Matilda Persson)","Female",29,"NO","3rd Class"
"1233","Sunderland, Mr. Victor Francis","Male",16,"YES","3rd Class"
"1234","Sundman, Mr. Johan Julian","Male",44,"YES","3rd Class"
"1235","Sutehall, Mr. Henry Jr","Male",25,"NO","3rd Class"
"1236","Svensson, Mr. Johan","Male",74,"NO","3rd Class"
"1237","Svensson, Mr. Johan Cervin","Male",14,"YES","3rd Class"
"1238","Svensson, Mr. Olof","Male",24,"NO","3rd Class"
"1239","Tenglin, Mr. Gunnar Isidor","Male",25,"YES","3rd Class"
"1240","Theobald, Mr. Thomas Leonard","Male",34,"NO","3rd Class"
"1241","Thomas, Master. Assad Alexander","Male",0,"YES","3rd Class"
"1242","Thomas, Mr. Charles P","Male",NA,"NO","3rd Class"
"1243","Thomas, Mr. John","Male",NA,"NO","3rd Class"
"1244","Thomas, Mr. Tannous","Male",NA,"NO","3rd Class"
"1245","Thomas, Mrs. Alexander (Thamine ""Thelma"")","Female",16,"YES","3rd Class"
"1246","Thomson, Mr. Alexander Morrison","Male",NA,"NO","3rd Class"
"1247","Thorneycroft, Mr. Percival","Male",NA,"NO","3rd Class"
"1248","Thorneycroft, Mrs. Percival (Florence Kate White)","Female",NA,"YES","3rd Class"
"1249","Tikkanen, Mr. Juho","Male",32,"NO","3rd Class"
"1250","Tobin, Mr. Roger","Male",NA,"NO","3rd Class"
"1251","Todoroff, Mr. Lalio","Male",NA,"NO","3rd Class"
"1252","Tomlin, Mr. Ernest Portage","Male",30,"NO","3rd Class"
"1253","Torber, Mr. Ernst William","Male",44,"NO","3rd Class"
"1254","Torfa, Mr. Assad","Male",NA,"NO","3rd Class"
"1255","Tornquist, Mr. William Henry","Male",25,"YES","3rd Class"
"1256","Toufik, Mr. Nakli","Male",NA,"NO","3rd Class"
"1257","Touma, Master. Georges Youssef","Male",7,"YES","3rd Class"
"1258","Touma, Miss. Maria Youssef","Female",9,"YES","3rd Class"
"1259","Touma, Mrs. Darwis (Hanne Youssef Razi)","Female",29,"YES","3rd Class"
"1260","Turcin, Mr. Stjepan","Male",36,"NO","3rd Class"
"1261","Turja, Miss. Anna Sofia","Female",18,"YES","3rd Class"
"1262","Turkula, Mrs. (Hedwig)","Female",63,"YES","3rd Class"
"1263","van Billiard, Master. James William","Male",NA,"NO","3rd Class"
"1264","van Billiard, Master. Walter John","Male",11,"NO","3rd Class"
"1265","van Billiard, Mr. Austin Blyler","Male",40,"NO","3rd Class"
"1266","Van Impe, Miss. Catharina","Female",10,"NO","3rd Class"
"1267","Van Impe, Mr. Jean Baptiste","Male",36,"NO","3rd Class"
"1268","Van Impe, Mrs. Jean Baptiste (Rosalie Paula Govaert)","Female",30,"NO","3rd Class"
"1269","van Melkebeke, Mr. Philemon","Male",NA,"NO","3rd Class"
"1270","Vande Velde, Mr. Johannes Joseph","Male",33,"NO","3rd Class"
"1271","Vande Walle, Mr. Nestor Cyriel","Male",28,"NO","3rd Class"
"1272","Vanden Steen, Mr. Leo Peter","Male",28,"NO","3rd Class"
"1273","Vander Cruyssen, Mr. Victor","Male",47,"NO","3rd Class"
"1274","Vander Planke, Miss. Augusta Maria","Female",18,"NO","3rd Class"
"1275","Vander Planke, Mr. Julius","Male",31,"NO","3rd Class"
"1276","Vander Planke, Mr. Leo Edmondus","Male",16,"NO","3rd Class"
"1277","Vander Planke, Mrs. Julius (Emelia Maria Vandemoortele)","Female",31,"NO","3rd Class"
"1278","Vartanian, Mr. David","Male",22,"YES","3rd Class"
"1279","Vendel, Mr. Olof Edvin","Male",20,"NO","3rd Class"
"1280","Vestrom, Miss. Hulda Amanda Adolfina","Female",14,"NO","3rd Class"
"1281","Vovk, Mr. Janko","Male",22,"NO","3rd Class"
"1282","Waelens, Mr. Achille","Male",22,"NO","3rd Class"
"1283","Ware, Mr. Frederick","Male",NA,"NO","3rd Class"
"1284","Warren, Mr. Charles William","Male",NA,"NO","3rd Class"
"1285","Webber, Mr. James","Male",NA,"NO","3rd Class"
"1286","Wenzel, Mr. Linhart","Male",32,"NO","3rd Class"
"1287","Whabee, Mrs. George Joseph (Shawneene Abi-Saab)","Female",38,"YES","3rd Class"
"1288","Widegren, Mr. Carl/Charles Peter","Male",51,"NO","3rd Class"
"1289","Wiklund, Mr. Jakob Alfred","Male",18,"NO","3rd Class"
"1290","Wiklund, Mr. Karl Johan","Male",21,"NO","3rd Class"
"1291","Wilkes, Mrs. James (Ellen Needs)","Female",47,"YES","3rd Class"
"1292","Willer, Mr. Aaron (""Abi Weller"")","Male",NA,"NO","3rd Class"
"1293","Willey, Mr. Edward","Male",NA,"NO","3rd Class"
"1294","Williams, Mr. Howard Hugh ""Harry""","Male",NA,"NO","3rd Class"
"1295","Williams, Mr. Leslie","Male",28,"NO","3rd Class"
"1296","Windelov, Mr. Einar","Male",21,"NO","3rd Class"
"1297","Wirz, Mr. Albert","Male",27,"NO","3rd Class"
"1298","Wiseman, Mr. Phillippe","Male",NA,"NO","3rd Class"
"1299","Wittevrongel, Mr. Camille","Male",36,"NO","3rd Class"
"1300","Yasbeck, Mr. Antoni","Male",27,"NO","3rd Class"
"1301","Yasbeck, Mrs. Antoni (Selini Alexander)","Female",15,"YES","3rd Class"
"1302","Youseff, Mr. Gerious","Male",45,"NO","3rd Class"
"1303","Yousif, Mr. Wazli","Male",NA,"NO","3rd Class"
"1304","Yousseff, Mr. Gerious","Male",NA,"NO","3rd Class"
"1305","Zabour, Miss. Hileni","Female",14,"NO","3rd Class"
"1306","Zabour, Miss. Thamine","Female",NA,"NO","3rd Class"
"1307","Zakarian, Mr. Mapriededer","Male",26,"NO","3rd Class"
"1308","Zakarian, Mr. Ortin","Male",27,"NO","3rd Class"
"1309","Zimmerman, Mr. Leo","Male",29,"NO","3rd Class"
